,clusters
AAACCCAGTGTTCATG-1,myel. prog. #1
AAACGAACAAGTAGTA-1,ery. prog. #3
AAACGAACACATTCTT-1,MK prog.
AAACGAACATGGAACG-1,myel. prog. #2
AAACGAACATTCAGGT-1,HSCs #1
AAACGAAGTCACCCTT-1,myel. prog. #2
AAACGAAGTGACTCGC-1,LMPPs #1
AAACGAATCTCCGTGT-1,monocytes
AAACGCTGTCCACTTC-1,HSCs #2
AAACGCTGTCCTACAA-1,LMPPs #2
AAACGCTGTTCCCAAA-1,myel. prog. #3
AAACGCTTCATAGAGA-1,ery. prog. #3
AAACGCTTCGCAAGAG-1,myel. prog. #3
AAAGAACAGGAACTCG-1,myel. prog. #3
AAAGAACCACTACCGG-1,myel. prog. #1
AAAGAACGTGCGGCTT-1,MK prog.
AAAGAACTCCATTGCC-1,ery. prog. #1
AAAGGATCAATGACCT-1,myel. prog. #1
AAAGGATGTATCAGGG-1,myel. prog. #1
AAAGGATGTATGGAGC-1,myel. prog. #1
AAAGGGCGTAAGCGGT-1,MK prog.
AAAGGGCGTAATGATG-1,myel. prog. #3
AAAGGTACAACAGAGC-1,MK prog.
AAAGGTACATCCGATA-1,ery. prog. #2
AAAGTCCCACCAGTAT-1,HSCs #1
AAAGTCCTCTGAGGTT-1,myel. prog. #2
AAAGTCCTCTGGACTA-1,myel. prog. #1
AAAGTGACAGACGCTC-1,LMPPs #2
AAAGTGATCCATCCGT-1,ery. prog. #3
AACAAAGAGGTTCAGG-1,myel. prog. #1
AACAAAGCAGACAATA-1,eosinophil prog.
AACAAAGTCTGTGCGG-1,ery. prog. #3
AACAACCTCCCGATCT-1,myel. prog. #3
AACAAGAGTTCAGTAC-1,LMPPs #2
AACACACGTTCTTGTT-1,HSCs #2
AACACACTCCGGTAAT-1,myel. prog. #1
AACAGGGAGACTCAAA-1,myel. prog. #1
AACAGGGCATTAAAGG-1,myel. prog. #3
AACCAACAGGTGAGCT-1,ery. prog. #3
AACCAACAGTGGACTG-1,myel. prog. #1
AACCAACCAAGGACAC-1,LMPPs #1
AACCACAGTGTCTTCC-1,HSCs #1
AACCACATCAAGCGTT-1,myel. prog. #3
AACCATGAGATACATG-1,myel. prog. #1
AACCATGGTATACCCA-1,LMPPs #1
AACCCAAAGTGCTAGG-1,myel. prog. #2
AACCCAAGTGAATTAG-1,myel. prog. #1
AACCTGATCAAGCTGT-1,ery. prog. #2
AACCTTTAGGCGTCCT-1,myel. prog. #2
AACCTTTAGTCTCCTC-1,myel. prog. #1
AACCTTTGTCGTGTTA-1,LMPPs #2
AACCTTTGTGGGTCAA-1,myel. prog. #1
AACCTTTTCACAGTGT-1,ery. prog. #2
AACCTTTTCGCTTTAT-1,MK prog.
AACGAAACACAGCTTA-1,myel. prog. #2
AACGAAACAGAGGTTG-1,MK prog.
AACGAAAGTTCCACAA-1,HSCs #2
AACGGGAAGCCGGATA-1,ery. prog. #3
AACGGGAAGCCTGCCA-1,LMPPs #1
AACGGGACACCTGATA-1,myel. prog. #2
AACGGGACACTGGCGT-1,myel. prog. #2
AACGGGATCCCTCGAT-1,myel. prog. #2
AACGGGATCTGTCCCA-1,myel. prog. #3
AACTTCTAGCACTCGC-1,HSCs #2
AACTTCTAGCATCGAG-1,MK prog.
AACTTCTTCATTGCGA-1,HSCs #2
AAGAACAAGCAACAGC-1,MK prog.
AAGAACACAAAGGCTG-1,HSCs #2
AAGAACACATAATGAG-1,HSCs #2
AAGAACAGTTCGGTAT-1,eosinophil prog.
AAGACAAAGCACCAGA-1,ery. prog. #3
AAGACAAGTGACGCCT-1,myel. prog. #1
AAGACAAGTTAGAAGT-1,LMPPs #1
AAGACTCCAGTAACGG-1,myel. prog. #2
AAGACTCGTGAGTGAC-1,ery. prog. #2
AAGATAGGTCTACAAC-1,MK prog.
AAGATAGTCATGCATG-1,myel. prog. #3
AAGCATCCAGGAGACT-1,myel. prog. #1
AAGCCATAGATGCGAC-1,MK prog.
AAGCCATAGCTGTCCG-1,MK prog.
AAGCCATCAAGCAATA-1,LMPPs #2
AAGCCATCAATACAGA-1,myel. prog. #2
AAGCCATTCAGCCTCT-1,MK prog.
AAGCCATTCGTAGCTA-1,eosinophil prog.
AAGCGAGTCAACCTCC-1,HSCs #2
AAGCGAGTCCAAGCTA-1,ery. prog. #2
AAGCGAGTCGCTATTT-1,MK prog.
AAGCGAGTCGCTCATC-1,myel. prog. #3
AAGCGAGTCTACGCAA-1,LMPPs #2
AAGCGTTCATGAATAG-1,ery. prog. #3
AAGCGTTGTAACGCGA-1,MK prog.
AAGCGTTGTCGAATTC-1,myel. prog. #2
AAGCGTTTCGCCAGTG-1,myel. prog. #3
AAGGAATGTCATATGC-1,HSCs #2
AAGGAATTCCACACAA-1,MK prog.
AAGGTAACAAAGGGTC-1,MK prog.
AAGGTAACAGAGGCTA-1,MK prog.
AAGTACCAGCCTGAAG-1,LMPPs #1
AAGTACCCATTAAAGG-1,myel. prog. #3
AAGTACCGTAGATTAG-1,myel. prog. #3
AAGTACCGTCATCCGG-1,MK prog.
AAGTCGTAGGTGTGAC-1,monocytes
AAGTGAAAGACATACA-1,ery. prog. #1
AATAGAGAGGCCTAGA-1,myel. prog. #3
AATAGAGGTACTGTTG-1,MK prog.
AATAGAGGTCGAATGG-1,ery. prog. #2
AATAGAGGTTGATCGT-1,myel. prog. #1
AATAGAGTCAGCCCAG-1,LMPPs #1
AATAGAGTCTTTGCAT-1,eosinophil prog.
AATCACGAGTTGCCTA-1,HSCs #2
AATCACGCAGTGGGTA-1,myel. prog. #2
AATCACGTCAAGGAGC-1,myel. prog. #2
AATCGACAGAGTGTGC-1,ery. prog. #3
AATCGACAGCTTCATG-1,myel. prog. #1
AATCGACAGGTCTGGA-1,LMPPs #2
AATCGTGAGTCACGCC-1,ery. prog. #2
AATCGTGCAATCTCTT-1,LMPPs #2
AATGAAGGTTAAACCC-1,ery. prog. #2
AATGACCAGATTCGCT-1,LMPPs #2
AATGACCAGCCAGAGT-1,myel. prog. #1
AATGACCCAGGAACCA-1,myel. prog. #3
AATGACCCAGTGACCC-1,LMPPs #2
AATGACCTCGAGAAAT-1,myel. prog. #2
AATGCCAAGTATGATG-1,LMPPs #2
AATGCCATCACTGATG-1,MK prog.
AATGGAACATCCGGTG-1,HSCs #2
AATGGAAGTCGATTAC-1,MK prog.
AATGGCTGTGCTGTCG-1,ery. prog. #3
AATGGCTGTGGTCCCA-1,myel. prog. #3
AATGGCTTCCTTCTAA-1,myel. prog. #3
AATGGCTTCTAGAGCT-1,eosinophil prog.
AATGGCTTCTCTGAGA-1,ery. prog. #3
AATTCCTCAAATGATG-1,myel. prog. #2
AATTCCTGTCTTCATT-1,HSCs #2
AATTTCCAGGTACCTT-1,myel. prog. #2
AATTTCCGTAATACCC-1,HSCs #2
AATTTCCGTACCCACG-1,HSCs #1
AATTTCCTCCCATAGA-1,HSCs #2
ACAAAGACATGGATCT-1,ery. prog. #3
ACAAAGAGTTACCTTT-1,HSCs #2
ACAACCAAGTGATCGG-1,myel. prog. #3
ACAACCACACACCGCA-1,myel. prog. #2
ACAACCACACATACGT-1,HSCs #2
ACAAGCTAGGTAAACT-1,myel. prog. #3
ACACAGTCACCCTTAC-1,HSCs #2
ACACAGTTCAGCTGTA-1,myel. prog. #2
ACACAGTTCCTAGCGG-1,ery. prog. #3
ACACAGTTCTTCGCTG-1,ery. prog. #1
ACACCAAAGACATCAA-1,myel. prog. #3
ACACCAAAGATGTTGA-1,MK prog.
ACACCAACACAGCCAC-1,myel. prog. #2
ACACCAAGTCCTGTCT-1,MK prog.
ACACCAAGTGTGACCC-1,ery. prog. #3
ACACTGAAGACGGATC-1,myel. prog. #1
ACACTGAAGGGTAATT-1,LMPPs #2
ACACTGAAGGTCTGGA-1,myel. prog. #2
ACACTGAAGTCATGAA-1,LMPPs #2
ACACTGAGTTCGGTTA-1,MK prog.
ACAGAAAAGGATACGC-1,ery. prog. #2
ACAGAAAAGTCAGCCC-1,myel. prog. #3
ACAGAAAAGTCCCTAA-1,MK prog.
ACAGAAAGTATGACAA-1,HSCs #2
ACAGAAATCCCTCATG-1,ery. prog. #3
ACAGAAATCCCTCTTT-1,MK prog.
ACAGAAATCTTCGGTC-1,LMPPs #1
ACAGCCGTCCGCTTAC-1,myel. prog. #2
ACAGGGAAGCGACATG-1,myel. prog. #1
ACAGGGAAGGGCAACT-1,MK prog.
ACAGGGACATGTGACT-1,myel. prog. #2
ACAGGGAGTGAAGCGT-1,MK prog.
ACATCCCCAGTCAGCC-1,ery. prog. #3
ACATCCCGTTTCACAG-1,ery. prog. #2
ACATCGACACACGGTC-1,ery. prog. #2
ACATCGACATACCATG-1,HSCs #2
ACATCGACATGAGTAA-1,HSCs #2
ACATCGAGTTCACCGG-1,monocytes
ACATCGATCATGTCTT-1,ery. prog. #3
ACATCGATCCTGCTAC-1,myel. prog. #1
ACATCGATCTGAGTCA-1,LMPPs #1
ACATGCACATCGGATT-1,myel. prog. #2
ACATTTCCACTTCAAG-1,MK prog.
ACATTTCCATGGACAG-1,ery. prog. #3
ACATTTCTCACAACCA-1,myel. prog. #2
ACATTTCTCGCTTACC-1,HSCs #2
ACATTTCTCTTTGCTA-1,HSCs #2
ACCAAACAGGGACACT-1,myel. prog. #1
ACCACAAGTCGTTGCG-1,MK prog.
ACCACAATCGAGAGCA-1,myel. prog. #2
ACCACAATCTACCTTA-1,HSCs #2
ACCATTTGTTATGTCG-1,ery. prog. #2
ACCATTTTCAGAGTTC-1,HSCs #1
ACCATTTTCCATCTGC-1,myel. prog. #3
ACCATTTTCTTAGGAC-1,HSCs #2
ACCCAAACATAAGCAA-1,HSCs #2
ACCCAAAGTGGCTACC-1,ery. prog. #2
ACCCAAAGTGGGACAT-1,HSCs #2
ACCCTCAAGTACAGCG-1,myel. prog. #2
ACCCTCACAGGCTCTG-1,ery. prog. #2
ACCGTTCGTCAGCGTC-1,ery. prog. #2
ACCGTTCGTTATGTCG-1,myel. prog. #1
ACCTACCCATGACCCG-1,myel. prog. #2
ACCTACCGTGAACCGA-1,myel. prog. #3
ACCTGAAGTAGCGATG-1,myel. prog. #2
ACCTGTCGTCGGATTT-1,LMPPs #1
ACGATCAAGCAACCAG-1,MK prog.
ACGATCACAGCGGTTC-1,myel. prog. #2
ACGATCATCTGACCCT-1,HSCs #1
ACGATGTGTATACGGG-1,myel. prog. #1
ACGATGTGTCTGTGAT-1,ery. prog. #2
ACGCACGAGATCCCGC-1,myel. prog. #1
ACGCACGAGTGATAGT-1,ery. prog. #2
ACGCACGAGTTGCGAG-1,ery. prog. #3
ACGCACGCACCTGTCT-1,HSCs #2
ACGCACGTCGGAGTAG-1,LMPPs #1
ACGGAAGAGGCCGCTT-1,HSCs #2
ACGGAAGAGGGAGAAT-1,MK prog.
ACGGAAGCAACTGTGT-1,myel. prog. #1
ACGGAAGTCCGTAATG-1,MK prog.
ACGGGTCCAGAAGTTA-1,myel. prog. #3
ACGGGTCTCCCAGGAC-1,HSCs #2
ACGGGTCTCTACCCAC-1,myel. prog. #1
ACGGTCGAGTGATAAC-1,MK prog.
ACGGTCGCAGAGGACT-1,LMPPs #2
ACGGTCGCAGTAACGG-1,ery. prog. #3
ACGGTCGCAGTCAGCC-1,HSCs #2
ACGGTTACACCTGCTT-1,myel. prog. #1
ACGGTTAGTCCAGGTC-1,ery. prog. #2
ACGGTTAGTCGCTTGG-1,myel. prog. #3
ACGTAACAGAAATTCG-1,MK prog.
ACGTACAAGTCAGAGC-1,MK prog.
ACGTACAAGTGGTGGT-1,myel. prog. #2
ACGTACACACGCTGAC-1,myel. prog. #1
ACGTACAGTGGCGCTT-1,ery. prog. #3
ACGTACAGTGTCCGTG-1,LMPPs #2
ACGTACATCAAGAATG-1,HSCs #2
ACGTAGTCAGTCTGGC-1,myel. prog. #1
ACGTCCTCACGTAACT-1,ery. prog. #3
ACGTCCTGTTTAAGGA-1,myel. prog. #2
ACTACGAAGATCCCAT-1,LMPPs #1
ACTACGACAAGGCTTT-1,LMPPs #1
ACTACGAGTCCAGCGT-1,myel. prog. #1
ACTACGAGTCCAGGTC-1,ery. prog. #2
ACTACGAGTTGTCCCT-1,LMPPs #1
ACTATGGCAGGCTCTG-1,eosinophil prog.
ACTATGGCATATTCGG-1,ery. prog. #3
ACTATGGGTTGCACGC-1,myel. prog. #3
ACTATGGTCAAGCCCG-1,HSCs #2
ACTATGGTCTCATTTG-1,MK prog.
ACTATTCCAGCCGGTT-1,myel. prog. #3
ACTATTCGTCAAAGAT-1,LMPPs #2
ACTCCCAAGCGGCTCT-1,HSCs #2
ACTCCCACAGCATACT-1,MK prog.
ACTCCCAGTCACTACA-1,HSCs #2
ACTCTCGAGAGATCGC-1,LMPPs #1
ACTCTCGCAGTTACCA-1,MK prog.
ACTGATGTCACGGTCG-1,myel. prog. #2
ACTGCAACACACTGGC-1,myel. prog. #2
ACTGCAAGTCTTGTCC-1,LMPPs #2
ACTGTGACAATGAACA-1,HSCs #2
ACTTAGGGTAGGCAGT-1,myel. prog. #1
ACTTAGGTCGGAATTC-1,ery. prog. #3
ACTTATCCAGCAAGAC-1,myel. prog. #1
ACTTATCCAGCTGTCG-1,HSCs #2
ACTTATCCATTGCCTC-1,LMPPs #1
ACTTATCGTAAGTTGA-1,LMPPs #2
ACTTATCTCGGTAGGA-1,LMPPs #1
ACTTCCGTCTATACTC-1,LMPPs #1
ACTTCGCCAATGAGCG-1,LMPPs #2
ACTTCGCTCATGCCAA-1,ery. prog. #2
ACTTCGCTCGGAGATG-1,ery. prog. #3
ACTTTCACAAGCTCTA-1,MK prog.
ACTTTCAGTGGCTAGA-1,myel. prog. #1
ACTTTGTAGTGATCGG-1,MK prog.
ACTTTGTGTCAACACT-1,myel. prog. #2
ACTTTGTGTTCGGGTC-1,ery. prog. #2
AGAAATGCAGCACCCA-1,LMPPs #1
AGAAATGGTAACCAGG-1,myel. prog. #1
AGAAATGGTCTGTTAG-1,LMPPs #1
AGAACAAAGATGGCAC-1,ery. prog. #2
AGAACAAGTCCCGTGA-1,myel. prog. #2
AGAACAAGTCTTTATC-1,myel. prog. #2
AGAACAAGTTCAAAGA-1,myel. prog. #3
AGAACCTAGTGCACTT-1,ery. prog. #3
AGAACCTGTGTGAATA-1,LMPPs #1
AGAAGCGAGAAGGTAG-1,myel. prog. #1
AGAAGCGCAAGCCTGC-1,MK prog.
AGAAGCGGTCCAGAAG-1,myel. prog. #1
AGAAGTATCTGAGAAA-1,eosinophil prog.
AGACAAATCTCTCTTC-1,myel. prog. #1
AGACACTAGGATGTTA-1,myel. prog. #1
AGACACTTCCGACATA-1,MK prog.
AGACAGGAGGCGTTAG-1,LMPPs #2
AGACCATAGGATACGC-1,MK prog.
AGACCATGTGCCTGAC-1,LMPPs #2
AGACCATTCACAATGC-1,LMPPs #1
AGACCCGAGAGTCAAT-1,myel. prog. #2
AGACCCGAGTAGCAAT-1,myel. prog. #1
AGACCCGCAGGTATGG-1,myel. prog. #2
AGACCCGCATCGGAAG-1,LMPPs #2
AGACCCGGTACGTGAG-1,myel. prog. #1
AGACCCGTCAAGCCGC-1,MK prog.
AGACCCGTCCACCCTA-1,LMPPs #2
AGACTCAAGCACCGTC-1,monocytes
AGACTCAAGGGCAGTT-1,MK prog.
AGACTCACAGCGGTTC-1,myel. prog. #1
AGACTCATCCGCGGAT-1,LMPPs #1
AGAGAATCAAGTGCTT-1,myel. prog. #3
AGAGAATCATAAGCGG-1,myel. prog. #1
AGAGAATTCAAACCTG-1,HSCs #2
AGAGAGCCAATAGTCC-1,myel. prog. #2
AGAGAGCCAGGTCCGT-1,HSCs #1
AGAGAGCGTACACTCA-1,MK prog.
AGAGCAGCACCTGATA-1,HSCs #2
AGAGCAGTCGAAGAAT-1,MK prog.
AGAGCAGTCTATTTCG-1,ery. prog. #2
AGAGCCCTCGATGCAT-1,LMPPs #2
AGATAGAAGTTACGGG-1,myel. prog. #2
AGATAGACAGTAACGG-1,ery. prog. #1
AGATAGAGTTGTAAAG-1,eosinophil prog.
AGATCCAGTCTCAGGC-1,myel. prog. #1
AGATCGTTCAAACCTG-1,MK prog.
AGATCGTTCAGCTTGA-1,myel. prog. #1
AGATCGTTCGACATTG-1,HSCs #2
AGATCGTTCGGTCACG-1,myel. prog. #1
AGATGCTAGCTAGATA-1,ery. prog. #3
AGATGCTTCTCTGCCA-1,HSCs #2
AGCATCAAGGCAGGTT-1,ery. prog. #3
AGCATCATCATAGACC-1,myel. prog. #2
AGCCAATCAAATCAGA-1,myel. prog. #1
AGCCAATCACTGGCGT-1,myel. prog. #1
AGCCAATGTATGGAAT-1,ery. prog. #1
AGCCACGAGTACAGAT-1,LMPPs #1
AGCCACGGTTCCCAAA-1,HSCs #2
AGCCACGTCATAGGCT-1,ery. prog. #2
AGCCAGCAGCGAATGC-1,ery. prog. #2
AGCCAGCAGCTACTGT-1,myel. prog. #1
AGCCAGCGTGGTAATA-1,myel. prog. #1
AGCCAGCTCTGCCTCA-1,HSCs #2
AGCGATTAGGTACATA-1,myel. prog. #3
AGCGCCAAGATTAGTG-1,LMPPs #1
AGCGCCAAGGAATCGC-1,HSCs #2
AGCGCCAAGTCTTCGA-1,myel. prog. #3
AGCGCCACATAGTCAC-1,LMPPs #1
AGCGCCAGTTCCTAAG-1,LMPPs #1
AGCGCTGAGACCTCAT-1,MK prog.
AGCGCTGAGCGGTATG-1,myel. prog. #2
AGCGTATTCGTTCCCA-1,MK prog.
AGCGTATTCTAGTCAG-1,ery. prog. #2
AGCGTCGCAGACCATT-1,LMPPs #2
AGCGTCGGTATGGAGC-1,LMPPs #2
AGCTACAAGTACCGGA-1,MK prog.
AGCTACACACAGTATC-1,myel. prog. #3
AGCTACAGTCTGATAC-1,myel. prog. #2
AGCTACAGTGGATACG-1,myel. prog. #2
AGCTCAAAGCAGGGAG-1,myel. prog. #3
AGCTCAACAGAAGTTA-1,ery. prog. #3
AGCTCAAGTGGTAATA-1,MK prog.
AGCTTCCGTCGATGCC-1,ery. prog. #3
AGCTTCCTCCCAGGCA-1,myel. prog. #1
AGCTTCCTCTCCATAT-1,myel. prog. #3
AGCTTCCTCTCGCTTG-1,myel. prog. #3
AGGAAATAGACGCAGT-1,MK prog.
AGGAAATAGAGCAACC-1,myel. prog. #3
AGGAAATAGCTGTCCG-1,monocytes
AGGAAATCACACCTAA-1,myel. prog. #1
AGGAAATCAGACCGCT-1,myel. prog. #3
AGGAAATCAGCTGGTC-1,HSCs #2
AGGAAATTCCTTACCG-1,ery. prog. #2
AGGAATAAGACGGATC-1,MK prog.
AGGAATAGTACCAATC-1,ery. prog. #2
AGGAATAGTCTACGAT-1,LMPPs #1
AGGAATATCCAGTGCG-1,LMPPs #1
AGGACGAAGGGTATAT-1,ery. prog. #3
AGGACTTCACCTGCAG-1,LMPPs #2
AGGACTTTCGAGTCCG-1,myel. prog. #1
AGGAGGTGTACTTCCC-1,MK prog.
AGGATAAGTCATAGTC-1,MK prog.
AGGATAATCATGCCGG-1,myel. prog. #2
AGGATCTAGACGGATC-1,HSCs #2
AGGATCTAGCGTGTCC-1,myel. prog. #1
AGGATCTAGCTCACTA-1,myel. prog. #2
AGGATCTTCCGTAATG-1,myel. prog. #2
AGGCATTAGTGGCCTC-1,MK prog.
AGGCATTCATAACAGA-1,HSCs #1
AGGCATTTCCTCACCA-1,myel. prog. #1
AGGCCACGTTGGGTAG-1,myel. prog. #1
AGGCCACTCCACGGAC-1,MK prog.
AGGCCACTCCGTGTGG-1,MK prog.
AGGCTGCAGCAGGGAG-1,LMPPs #2
AGGGAGTTCCAACCAA-1,myel. prog. #3
AGGGAGTTCCGAAATC-1,ery. prog. #3
AGGGCCTAGATGGTAT-1,ery. prog. #3
AGGGCCTAGGATACCG-1,HSCs #2
AGGGCCTCAAGCTACT-1,ery. prog. #1
AGGGCTCAGATAGTCA-1,MK prog.
AGGGCTCAGGTGTGAC-1,MK prog.
AGGGCTCGTTATAGAG-1,MK prog.
AGGGCTCTCCGAGAAG-1,LMPPs #2
AGGGTCCAGAAATCCA-1,myel. prog. #1
AGGGTCCCATAGATCC-1,myel. prog. #1
AGGGTCCTCGGTAGGA-1,myel. prog. #1
AGGGTGACAATCACGT-1,HSCs #2
AGGGTGACAGGTGACA-1,MK prog.
AGGGTGACATTCACCC-1,myel. prog. #1
AGGGTGAGTGGTGATG-1,myel. prog. #1
AGGGTTTCAAGCGAGT-1,MK prog.
AGGGTTTCAGATTCGT-1,ery. prog. #3
AGGGTTTCATGTCTAG-1,myel. prog. #2
AGGGTTTTCGGTCGAC-1,ery. prog. #3
AGGGTTTTCTGAGTCA-1,myel. prog. #1
AGGTAGGAGCTGAAAT-1,LMPPs #1
AGGTAGGAGGATTTAG-1,myel. prog. #2
AGGTCATCAGTATGAA-1,myel. prog. #3
AGGTCATGTCCCACGA-1,MK prog.
AGGTCATGTGGCCCAT-1,LMPPs #1
AGGTCATGTGGCTGAA-1,MK prog.
AGGTCATTCTCGTCGT-1,LMPPs #2
AGGTGTTCAACCGTGC-1,myel. prog. #1
AGGTGTTTCGTCGACG-1,myel. prog. #1
AGGTTACAGGCTTCCG-1,LMPPs #2
AGGTTACGTATTCCGA-1,ery. prog. #2
AGGTTGTCACATATCG-1,eosinophil prog.
AGGTTGTGTCTACATG-1,LMPPs #1
AGGTTGTGTGACTAAA-1,myel. prog. #1
AGGTTGTGTTAGGCCC-1,eosinophil prog.
AGGTTGTGTTCAGCTA-1,myel. prog. #1
AGGTTGTTCGCCAACG-1,ery. prog. #3
AGTACCAAGCAGCGAT-1,myel. prog. #3
AGTACCACATAGCACT-1,myel. prog. #3
AGTACCATCTAGACCA-1,LMPPs #1
AGTACTGAGCTAAATG-1,LMPPs #1
AGTACTGAGGGAGAAT-1,LMPPs #2
AGTACTGCAAGCTGCC-1,myel. prog. #1
AGTACTGGTCGCGGTT-1,ery. prog. #3
AGTAGCTCATCCCACT-1,myel. prog. #2
AGTAGCTGTTCGAACT-1,eosinophil prog.
AGTAGTCAGAGTTGTA-1,myel. prog. #1
AGTAGTCCAAAGCACG-1,myel. prog. #1
AGTAGTCCAGACATCT-1,HSCs #2
AGTAGTCCATGGCTGC-1,ery. prog. #2
AGTAGTCGTAGCTCGC-1,ery. prog. #3
AGTAGTCGTTTACGAC-1,ery. prog. #2
AGTCAACGTCACTCAA-1,MK prog.
AGTCAACTCGATGCTA-1,myel. prog. #1
AGTCACACAGGCATTT-1,myel. prog. #1
AGTCACACAGTCTGGC-1,myel. prog. #3
AGTCACAGTCAAAGCG-1,LMPPs #1
AGTCATGAGTGATCGG-1,monocytes
AGTCATGCATGTGGCC-1,HSCs #2
AGTCATGTCTATGCCC-1,myel. prog. #1
AGTCATGTCTTGCAGA-1,LMPPs #2
AGTCTCCAGCGAAACC-1,myel. prog. #1
AGTCTCCCATATCTGG-1,ery. prog. #3
AGTCTCCCATGGCTAT-1,ery. prog. #3
AGTCTCCGTAGCACAG-1,ery. prog. #2
AGTGACTAGTCAATCC-1,LMPPs #2
AGTGACTCAGCGAACA-1,myel. prog. #2
AGTGACTGTTGGGCCT-1,LMPPs #1
AGTGATCAGAGCCATG-1,LMPPs #1
AGTGATCCAGTACTAC-1,myel. prog. #3
AGTGCCGAGAGCATTA-1,myel. prog. #3
AGTGCCGTCCATCAGA-1,ery. prog. #3
AGTGTTGAGACCATTC-1,LMPPs #2
AGTGTTGCACGATAGG-1,MK prog.
AGTTAGCAGACCCGCT-1,MK prog.
AGTTAGCGTACGGCAA-1,myel. prog. #1
AGTTCCCAGGCGAAGG-1,LMPPs #2
AGTTCCCGTGACTGTT-1,myel. prog. #2
AGTTCCCTCTACGCGG-1,HSCs #1
AGTTCCCTCTGTTCAT-1,HSCs #2
AGTTCGAGTGGTACAG-1,myel. prog. #3
AGTTCGATCAGATTGC-1,MK prog.
ATACCTTGTCCTCAGG-1,HSCs #2
ATACCTTTCAATGTCG-1,MK prog.
ATACTTCTCACGTCCT-1,LMPPs #1
ATAGACCCAGGGCTTC-1,eosinophil prog.
ATAGACCCATCGAACT-1,MK prog.
ATAGACCGTGCGTGCT-1,myel. prog. #2
ATAGAGAAGGACATCG-1,LMPPs #1
ATAGAGACACCTGAAT-1,myel. prog. #1
ATAGGCTAGTCGTCTA-1,MK prog.
ATAGGCTCAACTTCTT-1,myel. prog. #1
ATCACAGAGAAGAGCA-1,MK prog.
ATCACAGCAAATGCGG-1,HSCs #2
ATCACAGTCTGAGAAA-1,HSCs #2
ATCACGACACCCAATA-1,ery. prog. #3
ATCACGAGTAGGACCA-1,myel. prog. #1
ATCACTTCAGCCTATA-1,HSCs #2
ATCACTTGTTCCTAGA-1,LMPPs #1
ATCACTTTCCTACACC-1,MK prog.
ATCACTTTCTCATGGA-1,monocytes
ATCACTTTCTGCGTCT-1,ery. prog. #2
ATCCACCAGTGGCAGT-1,ery. prog. #2
ATCCACCTCGAGTCTA-1,ery. prog. #1
ATCCACCTCGATTGAC-1,myel. prog. #1
ATCCATTAGCAGCCTC-1,myel. prog. #1
ATCCATTAGTGCAGCA-1,HSCs #2
ATCCATTCAAAGGGTC-1,HSCs #2
ATCCATTTCTCTATGT-1,myel. prog. #1
ATCCCTGAGCAAGTGC-1,LMPPs #2
ATCCCTGCAGCTGAAG-1,myel. prog. #3
ATCCCTGCAGCTGTCG-1,MK prog.
ATCCGTCCACTGTGAT-1,ery. prog. #3
ATCCGTCGTACTGGGA-1,myel. prog. #1
ATCCGTCGTGCAACGA-1,ery. prog. #2
ATCCGTCTCTGCGATA-1,HSCs #2
ATCCTATAGTCCCGGT-1,HSCs #2
ATCCTATCACGTATAC-1,ery. prog. #3
ATCGATGCAACACTAC-1,myel. prog. #2
ATCGATGTCATTTCGT-1,HSCs #2
ATCGCCTGTATCCCAA-1,MK prog.
ATCGCCTTCCTCGATC-1,myel. prog. #3
ATCGCCTTCTAAACGC-1,myel. prog. #2
ATCGGATGTGTGTACT-1,ery. prog. #2
ATCGGATTCTCAATCT-1,ery. prog. #2
ATCGGCGGTATGGTAA-1,myel. prog. #3
ATCGGCGGTTGGAGAC-1,myel. prog. #2
ATCGTAGAGAGCCTGA-1,LMPPs #2
ATCGTAGGTCAATCTG-1,eosinophil prog.
ATCGTAGGTGTGACCC-1,ery. prog. #3
ATCGTCCGTACAGAGC-1,myel. prog. #3
ATCGTCCTCGGCATTA-1,HSCs #2
ATCGTGAGTATGGGAC-1,myel. prog. #1
ATCGTGATCATGAGAA-1,myel. prog. #2
ATCGTGATCGATACGT-1,LMPPs #1
ATCTCTAAGTCGAGGT-1,eosinophil prog.
ATCTCTACATAGGAGC-1,ery. prog. #3
ATCTCTATCCTGATAG-1,MK prog.
ATCTTCAAGAGGGTGG-1,MK prog.
ATCTTCACAATAACCC-1,HSCs #1
ATCTTCAGTCAGTTTG-1,MK prog.
ATCTTCAGTGAGGATC-1,myel. prog. #3
ATCTTCATCATCTGTT-1,HSCs #2
ATCTTCATCTTCTAAC-1,HSCs #2
ATGAAAGAGGCCACCT-1,LMPPs #2
ATGAAAGTCCCAGGAC-1,ery. prog. #1
ATGACCAAGATCGCCC-1,myel. prog. #3
ATGACCACATATTCGG-1,LMPPs #2
ATGACCAGTACCGTGC-1,HSCs #2
ATGACCAGTCATGACT-1,HSCs #2
ATGACCATCACTTCTA-1,ery. prog. #2
ATGAGTCCAAGATGTA-1,ery. prog. #2
ATGAGTCCAGGCCCTA-1,LMPPs #1
ATGATCGGTACCATAC-1,HSCs #2
ATGATCGGTTCCGCGA-1,myel. prog. #3
ATGCATGAGCGATTCT-1,LMPPs #1
ATGCATGAGGATCACG-1,myel. prog. #2
ATGCCTCCAGAAGCTG-1,myel. prog. #1
ATGCCTCCATAGCTGT-1,MK prog.
ATGCCTCTCGAGAAGC-1,MK prog.
ATGCCTCTCGTGGGTC-1,ery. prog. #1
ATGCCTCTCTCGCTCA-1,myel. prog. #3
ATGCGATAGTGGTTGG-1,myel. prog. #2
ATGCGATCACCATATG-1,LMPPs #1
ATGCGATCATACCGTA-1,ery. prog. #2
ATGCGATTCTTGGCTC-1,HSCs #1
ATGGAGGAGGGAGATA-1,LMPPs #2
ATGGAGGAGTGATAGT-1,MK prog.
ATGGAGGGTGTTCCAA-1,MK prog.
ATGGAGGTCGCTGTCT-1,ery. prog. #3
ATGGATCAGAGCTGAC-1,LMPPs #2
ATGGATCAGTCATCGT-1,MK prog.
ATGGATCAGTCCGCGT-1,ery. prog. #1
ATGGATCCAGTAGTGG-1,LMPPs #2
ATGGATCTCACCGCTT-1,myel. prog. #3
ATGGGAGCACAGTGAG-1,LMPPs #2
ATGGGAGCATTCATCT-1,MK prog.
ATGGGAGTCGCATTGA-1,myel. prog. #3
ATGGGTTAGTGGCCTC-1,MK prog.
ATGGGTTCAAGCTCTA-1,ery. prog. #3
ATGGTTGAGCTCAGAG-1,MK prog.
ATGGTTGGTAGTCTTG-1,ery. prog. #2
ATGTCCCAGGGAGGTG-1,myel. prog. #1
ATGTCTTGTGGATACG-1,MK prog.
ATTACTCAGTACAGCG-1,myel. prog. #3
ATTACTCGTTCCATTT-1,myel. prog. #3
ATTACTCTCTTACTGT-1,HSCs #2
ATTATCCGTCCCGTGA-1,HSCs #2
ATTCACTAGTCTGGTT-1,myel. prog. #2
ATTCACTGTTTACACG-1,myel. prog. #1
ATTCACTTCAAGCGTT-1,myel. prog. #1
ATTCACTTCAATCTCT-1,myel. prog. #1
ATTCACTTCGAGAGCA-1,myel. prog. #3
ATTCACTTCTACAGGT-1,myel. prog. #2
ATTCAGGAGGACTGGT-1,LMPPs #1
ATTCAGGGTAATCAAG-1,myel. prog. #2
ATTCAGGTCGTAGTCA-1,ery. prog. #3
ATTCATCCAATACCCA-1,myel. prog. #2
ATTCATCTCGGTAGGA-1,ery. prog. #2
ATTCCATAGAGGCTGT-1,LMPPs #1
ATTCCATAGATGAATC-1,HSCs #2
ATTCCATAGGGCGAAG-1,MK prog.
ATTCCCGCAAGTTCCA-1,ery. prog. #2
ATTCCCGCAGAGATGC-1,myel. prog. #1
ATTCCCGGTCTACAAC-1,eosinophil prog.
ATTCCCGTCCTTATGT-1,ery. prog. #1
ATTCCCGTCGTTATCT-1,MK prog.
ATTCCTAAGAATAACC-1,LMPPs #1
ATTCCTACACTTCAGA-1,myel. prog. #1
ATTCTACCAGGGAGAG-1,myel. prog. #2
ATTCTACCATGTCTAG-1,myel. prog. #2
ATTCTTGAGAAACTGT-1,ery. prog. #2
ATTCTTGGTTTGATCG-1,MK prog.
ATTCTTGTCAAGTGGG-1,MK prog.
ATTGGGTAGTGCGTCC-1,MK prog.
ATTGGGTGTAGATGTA-1,ery. prog. #1
ATTGGGTGTATCGATC-1,myel. prog. #1
ATTGGGTGTCTCGACG-1,myel. prog. #2
ATTGGGTTCACTGTCC-1,myel. prog. #1
ATTGGGTTCTGGTGCG-1,LMPPs #2
ATTGTTCAGTAGGATT-1,ery. prog. #3
ATTGTTCGTGCTCGTG-1,myel. prog. #1
ATTTACCCAAACGTGG-1,myel. prog. #2
ATTTACCTCCAACTAG-1,myel. prog. #3
ATTTCACAGCATCTTG-1,myel. prog. #1
ATTTCACAGGGTCAAC-1,HSCs #2
ATTTCACCATCCGGCA-1,ery. prog. #3
ATTTCACGTCCCGGTA-1,myel. prog. #2
ATTTCACTCAATCTTC-1,HSCs #1
ATTTCTGCATAACGGG-1,MK prog.
ATTTCTGGTATTTCGG-1,myel. prog. #2
ATTTCTGTCACATTGG-1,ery. prog. #2
ATTTCTGTCTGACGCG-1,HSCs #1
CAAAGAACAAATTGGA-1,LMPPs #2
CAAAGAACATTGAAAG-1,myel. prog. #2
CAAAGAAGTACCGCGT-1,myel. prog. #1
CAAAGAAGTAGACGTG-1,MK prog.
CAAAGAAGTTTCACTT-1,ery. prog. #1
CAACAACAGGGTTAGC-1,myel. prog. #1
CAACAGTAGAATAGTC-1,ery. prog. #3
CAACAGTAGCTTAGTC-1,ery. prog. #3
CAACCAAAGAGTGTGC-1,myel. prog. #3
CAACCAAAGCCTGAGA-1,myel. prog. #1
CAACCAACAAAGAACT-1,myel. prog. #1
CAACCAACAGTCGCAC-1,myel. prog. #1
CAACCTCCATCCGTTC-1,MK prog.
CAACCTCGTACCGGCT-1,HSCs #2
CAACCTCTCCTCGCAT-1,monocytes
CAACGATAGCTTACGT-1,myel. prog. #1
CAACGATGTGGAACAC-1,myel. prog. #3
CAACGATGTTACACAC-1,HSCs #2
CAACGATTCGCCTCTA-1,myel. prog. #3
CAACGGCCACAAGTGG-1,myel. prog. #3
CAACGGCGTCGCCACA-1,LMPPs #2
CAAGACTAGGTATCTC-1,LMPPs #2
CAAGACTAGTGCTAGG-1,myel. prog. #2
CAAGACTAGTTGCTGT-1,myel. prog. #2
CAAGACTGTACGCTAT-1,MK prog.
CAAGCTAAGAAACTCA-1,myel. prog. #1
CAAGCTAAGAGTACCG-1,HSCs #2
CAAGCTAAGGGCTGAT-1,MK prog.
CAAGCTACACAGGATG-1,HSCs #2
CAAGCTACAGATCCAT-1,myel. prog. #2
CAAGCTATCACAAGAA-1,myel. prog. #2
CAAGCTATCTCCCTAG-1,ery. prog. #3
CAAGGGAGTTGGTGTT-1,LMPPs #2
CAAGGGATCATTTGCT-1,myel. prog. #2
CAATACGAGGCCACTC-1,MK prog.
CAATACGTCGTTCTAT-1,LMPPs #1
CAATCGAAGTCGGCCT-1,myel. prog. #2
CAATCGAGTGTCTTGA-1,MK prog.
CAATCGATCGAAGCCC-1,HSCs #2
CAATGACAGTTACTCG-1,myel. prog. #2
CAATTTCAGAAATTGC-1,myel. prog. #3
CAATTTCAGAAGCGCT-1,HSCs #2
CAATTTCAGTGACACG-1,ery. prog. #2
CACAACAAGCCATTCA-1,HSCs #2
CACACAAAGCTGAAAT-1,myel. prog. #2
CACACAAAGTAACAGT-1,myel. prog. #1
CACACAAGTTGGCTAT-1,ery. prog. #3
CACAGATAGTACGAGC-1,MK prog.
CACAGATAGTGATAGT-1,eosinophil prog.
CACAGATCACGTGAGA-1,myel. prog. #3
CACAGATGTGTACGCC-1,ery. prog. #3
CACAGGCGTGTCCACG-1,myel. prog. #2
CACATGACAGGTCCGT-1,myel. prog. #2
CACATGATCCAACACA-1,myel. prog. #1
CACATGATCGTGAGAG-1,LMPPs #2
CACCAAAAGTCACGAG-1,ery. prog. #3
CACCAAAAGTGCGTCC-1,myel. prog. #1
CACCGTTTCACCTCTG-1,myel. prog. #3
CACCGTTTCTCTCTAA-1,ery. prog. #2
CACGAATAGTCATGCT-1,HSCs #2
CACGAATCAAGTGTCT-1,myel. prog. #3
CACGGGTCACCCGTAG-1,HSCs #2
CACGGGTCAGTTTCAG-1,myel. prog. #1
CACGGGTGTGTCATTG-1,myel. prog. #1
CACGGGTGTTACCTTT-1,LMPPs #2
CACGTGGGTAGGTACG-1,myel. prog. #2
CACGTGGTCAGTCAGT-1,ery. prog. #2
CACGTGGTCCACGTAA-1,myel. prog. #2
CACGTTCGTTCTTAGG-1,myel. prog. #1
CACGTTCTCCCGAGGT-1,myel. prog. #3
CACTAAGCACATCCCT-1,myel. prog. #3
CACTGAAAGTTGGAAT-1,eosinophil prog.
CACTGAAGTACTGACT-1,HSCs #2
CACTGAAGTGCGTGCT-1,MK prog.
CACTGAAGTTATGACC-1,MK prog.
CACTGGGTCGAGATAA-1,myel. prog. #2
CACTGTCAGCAAGTCG-1,myel. prog. #1
CACTGTCCAAGTGACG-1,myel. prog. #3
CACTTCGAGCCAGTAG-1,LMPPs #2
CACTTCGAGGACCCAA-1,myel. prog. #2
CACTTCGAGTGGATTA-1,myel. prog. #1
CACTTCGCACTGTGTA-1,myel. prog. #3
CACTTCGGTCATGGCC-1,HSCs #2
CAGAGCCCACACGTGC-1,myel. prog. #1
CAGAGCCCAGCACAGA-1,LMPPs #1
CAGAGCCTCGGAGATG-1,LMPPs #2
CAGAGCCTCTTCTAAC-1,myel. prog. #3
CAGATACAGGAGAATG-1,eosinophils
CAGATACCACTTGAGT-1,myel. prog. #2
CAGATCAGTATTTCTC-1,HSCs #2
CAGATCAGTCACTCTC-1,myel. prog. #2
CAGATCAGTTCCATTT-1,HSCs #2
CAGATCATCACCGGGT-1,HSCs #2
CAGATTGTCAACGTGT-1,myel. prog. #2
CAGATTGTCACTAGCA-1,ery. prog. #2
CAGCAATAGTTTCTTC-1,HSCs #1
CAGCAATCAACAGCCC-1,myel. prog. #1
CAGCAATGTTGCATGT-1,MK prog.
CAGCACGCAACGGTAG-1,myel. prog. #2
CAGCACGGTTCATCGA-1,ery. prog. #1
CAGCAGCGTGTGTTTG-1,LMPPs #2
CAGCCAGAGACCTCAT-1,myel. prog. #3
CAGCCAGAGTTGCTCA-1,myel. prog. #2
CAGCCAGGTAACTGCT-1,myel. prog. #2
CAGCCAGTCATGAAAG-1,LMPPs #2
CAGCGTGAGGTACATA-1,LMPPs #1
CAGCGTGTCTGTGCAA-1,LMPPs #2
CAGGCCACAAGAGGTC-1,MK prog.
CAGGCCAGTTGGTGTT-1,myel. prog. #2
CAGGTATCACGACCTG-1,myel. prog. #3
CAGGTATTCGCCTTGT-1,myel. prog. #2
CAGTTAGAGCGCTGCT-1,LMPPs #2
CAGTTAGGTAGGCAGT-1,MK prog.
CAGTTCCCATGAAGGC-1,myel. prog. #2
CAGTTCCTCATGAGTC-1,myel. prog. #1
CATAAGCTCAACCTCC-1,myel. prog. #1
CATAAGCTCGGCTATA-1,ery. prog. #3
CATAAGCTCTAGATCG-1,HSCs #1
CATACAGGTCCTCAGG-1,LMPPs #1
CATACAGTCTCGTCGT-1,myel. prog. #2
CATACCCGTGCCTTCT-1,myel. prog. #2
CATACCCTCACATTGG-1,HSCs #2
CATACTTCAAGTATAG-1,myel. prog. #1
CATACTTCAGGACTTT-1,ery. prog. #2
CATAGACAGCGACATG-1,LMPPs #2
CATAGACAGTAACAGT-1,HSCs #2
CATAGACAGTTTCAGC-1,ery. prog. #1
CATAGACGTTATGACC-1,monocytes
CATAGACGTTCGTGCG-1,MK prog.
CATCAAGAGAGAGCCT-1,myel. prog. #2
CATCAAGAGGTATCTC-1,HSCs #2
CATCAAGCAGCTACAT-1,HSCs #2
CATCAAGTCCGTGGGT-1,MK prog.
CATCAAGTCTAGGAAA-1,MK prog.
CATCCACAGATAGGGA-1,myel. prog. #1
CATCCACGTCTTGAAC-1,MK prog.
CATCCACTCAGTGGGA-1,ery. prog. #2
CATCCCAAGCGCACAA-1,HSCs #2
CATCCCAAGCTATCCA-1,eosinophil prog.
CATCCCAAGGCATGCA-1,ery. prog. #3
CATCCCAGTGCCGGTT-1,myel. prog. #3
CATCCGTGTGTAAACA-1,ery. prog. #3
CATCCGTTCGACCAAT-1,ery. prog. #3
CATCCGTTCGAGATAA-1,myel. prog. #1
CATCCGTTCTAGAACC-1,myel. prog. #2
CATCGCTAGCGTGTTT-1,ery. prog. #3
CATCGCTAGGGTACAC-1,ery. prog. #3
CATCGGGAGCCAAGGT-1,eosinophil prog.
CATCGGGAGCCTGACC-1,myel. prog. #3
CATCGTCGTCCACATA-1,ery. prog. #1
CATCGTCGTTAAGAAC-1,myel. prog. #1
CATCGTCGTTGTAGCT-1,myel. prog. #2
CATCGTCTCCCTAGGG-1,MK prog.
CATCGTCTCGACGATT-1,myel. prog. #1
CATGAGTAGATGTTCC-1,eosinophil prog.
CATGAGTGTGTTAAAG-1,MK prog.
CATGAGTGTTCAACGT-1,myel. prog. #1
CATGAGTTCAAAGACA-1,myel. prog. #3
CATGAGTTCATGCCAA-1,myel. prog. #1
CATGCAAGTACTCCGG-1,myel. prog. #2
CATGCAATCCATCAGA-1,ery. prog. #2
CATGCAATCTACCTTA-1,LMPPs #2
CATGCCTAGTATAGAC-1,myel. prog. #1
CATGCCTCATCTAGAC-1,myel. prog. #3
CATGCCTGTAGACAGC-1,myel. prog. #2
CATGCCTGTCGCGGTT-1,HSCs #2
CATGCCTTCTAAGCGT-1,LMPPs #1
CATGCGGGTCAGGCAA-1,MK prog.
CATGCTCAGCTCGACC-1,LMPPs #1
CATGCTCCAGACCATT-1,ery. prog. #2
CATGCTCGTAGGAAAG-1,myel. prog. #1
CATGGATAGCAACCAG-1,ery. prog. #3
CATGGATGTGATTCAC-1,MK prog.
CATGGATTCCTTCTAA-1,ery. prog. #1
CATGGATTCTACCACC-1,ery. prog. #2
CATGGATTCTCCCATG-1,myel. prog. #3
CATGGTACACTCATAG-1,LMPPs #1
CATGGTATCTCTTGCG-1,myel. prog. #2
CATTCATAGAGTACCG-1,myel. prog. #1
CATTCCGAGCCTCTGG-1,ery. prog. #3
CATTCCGAGCGACATG-1,myel. prog. #2
CATTCCGAGGCATCAG-1,myel. prog. #3
CATTCCGCATGTTACG-1,myel. prog. #2
CATTCCGGTCGGTGAA-1,myel. prog. #1
CATTCCGGTTTCAGAC-1,LMPPs #1
CATTCTAAGCGGTAGT-1,ery. prog. #2
CATTCTATCATTCACT-1,HSCs #1
CATTGAGAGAGGCGTT-1,myel. prog. #1
CATTGAGAGATGAAGG-1,MK prog.
CATTGAGGTCGAACGA-1,myel. prog. #3
CATTGAGGTCTAACTG-1,myel. prog. #1
CATTGAGGTGTTCCAA-1,HSCs #2
CATTGAGTCATCACAG-1,HSCs #2
CATTGAGTCTTCACGC-1,LMPPs #1
CATTGCCGTCTCAGAT-1,myel. prog. #1
CATTGTTAGTTGGACG-1,ery. prog. #1
CATTGTTCATCGCTCT-1,myel. prog. #2
CATTGTTGTGAGTGAC-1,MK prog.
CATTTCACACCGTGCA-1,myel. prog. #2
CATTTCAGTCTTTCTA-1,myel. prog. #3
CATTTCATCAGTCAGT-1,myel. prog. #2
CATTTCATCATTGGTG-1,LMPPs #2
CATTTCATCCCATTTA-1,ery. prog. #2
CATTTCATCTCGTCGT-1,LMPPs #2
CCAAGCGCAGCGTGAA-1,myel. prog. #3
CCAATGAAGGGAGGAC-1,myel. prog. #3
CCAATGACAAAGACTA-1,MK prog.
CCAATGATCCCTCGAT-1,HSCs #2
CCAATTTGTTGTCCCT-1,myel. prog. #2
CCAATTTTCCCTTCCC-1,HSCs #2
CCAATTTTCTATTCGT-1,HSCs #2
CCACAAAAGTCTGGAG-1,MK prog.
CCACAAACAAGTGGCA-1,ery. prog. #2
CCACAAATCTGGTGCG-1,ery. prog. #3
CCACACTGTCTTGTCC-1,LMPPs #1
CCACCATGTTTGGAGG-1,ery. prog. #3
CCACGAGAGCTGAGTG-1,myel. prog. #1
CCACGAGAGTGTTGAA-1,myel. prog. #1
CCACGAGGTCCAGAAG-1,LMPPs #2
CCACGTTCACACCTGG-1,HSCs #2
CCACGTTCATGACGGA-1,ery. prog. #1
CCACGTTGTGACACGA-1,myel. prog. #1
CCACGTTTCCCGATCT-1,myel. prog. #2
CCACTTGCACGGTCTG-1,LMPPs #1
CCACTTGCAGGATTCT-1,HSCs #1
CCACTTGGTCGCAACC-1,myel. prog. #1
CCATAAGGTCCACGCA-1,myel. prog. #2
CCATAAGGTGATACAA-1,myel. prog. #2
CCATCACTCCGTGGTG-1,myel. prog. #3
CCATCACTCGCTAGCG-1,LMPPs #1
CCCAACTCACAACGTT-1,HSCs #2
CCCATTGAGATCCGAG-1,myel. prog. #3
CCCATTGAGCAGATAT-1,myel. prog. #3
CCCGAAGAGTCAAGCG-1,MK prog.
CCCGAAGGTAAGTTGA-1,myel. prog. #1
CCCGGAAAGAATGTTG-1,ery. prog. #3
CCCGGAACATCGATGT-1,HSCs #2
CCCGGAAGTCAGACGA-1,LMPPs #2
CCCGGAATCGCTAAAC-1,HSCs #2
CCCTAACAGTTTGGCT-1,myel. prog. #3
CCCTAACTCCCTTTGG-1,LMPPs #2
CCCTAACTCGCATTGA-1,myel. prog. #2
CCCTAACTCGCCTTGT-1,ery. prog. #3
CCCTCAACACCTGCTT-1,myel. prog. #1
CCCTCAACATAACGGG-1,ery. prog. #2
CCCTCAATCTTGCAGA-1,ery. prog. #1
CCCTCTCAGGATAATC-1,myel. prog. #2
CCCTCTCGTACTCCCT-1,HSCs #1
CCCTCTCGTATCAGCT-1,myel. prog. #1
CCCTCTCGTTGGAGAC-1,LMPPs #1
CCCTGATCAACGGCCT-1,myel. prog. #3
CCCTGATCATCCTTGC-1,HSCs #2
CCCTTAGAGCAATTAG-1,ery. prog. #3
CCCTTAGAGGCTCTCG-1,myel. prog. #3
CCGAACGCAGTCTTCC-1,LMPPs #2
CCGAACGGTCGCACAC-1,myel. prog. #2
CCGATCTAGAATGTTG-1,MK prog.
CCGATCTCATCCTAAG-1,HSCs #2
CCGATGGAGCGCCTCA-1,ery. prog. #1
CCGATGGGTTTACCAG-1,MK prog.
CCGCAAGAGTAGCAAT-1,LMPPs #2
CCGCAAGCAATTGCCA-1,HSCs #2
CCGGACAAGCATGAAT-1,MK prog.
CCGGACAAGGATATAC-1,myel. prog. #2
CCGGACACACACCAGC-1,HSCs #2
CCGGGTAAGGTTACAA-1,myel. prog. #1
CCGGTAGAGAGAGCCT-1,ery. prog. #2
CCGGTAGAGTTGTAGA-1,HSCs #2
CCGGTAGCAATAGTGA-1,ery. prog. #2
CCGGTAGGTCTATGAC-1,ery. prog. #3
CCGGTAGTCTCTCTAA-1,myel. prog. #2
CCGGTGACAATCACGT-1,ery. prog. #2
CCGTAGGAGGGCAACT-1,ery. prog. #2
CCGTAGGAGTCTGCAT-1,myel. prog. #1
CCGTAGGGTTTGTTGG-1,MK prog.
CCGTGAGAGAGCTGCA-1,LMPPs #2
CCGTGAGAGTGTTCAC-1,MK prog.
CCGTGAGTCCTTCTGG-1,MK prog.
CCGTTCAGTCGGTGTC-1,MK prog.
CCGTTCAGTGTCTTGA-1,HSCs #2
CCGTTCAGTTGTGCCG-1,LMPPs #2
CCTAACCAGCATCTTG-1,LMPPs #1
CCTAACCCAGGGAATC-1,ery. prog. #1
CCTAACCGTGATACCT-1,myel. prog. #1
CCTAACCTCCCATACC-1,myel. prog. #1
CCTATCGTCCTCTAAT-1,ery. prog. #3
CCTCAACGTGAGTGAC-1,HSCs #2
CCTCAACTCCATATGG-1,myel. prog. #1
CCTCAACTCCCGTGTT-1,ery. prog. #1
CCTCAACTCGTAGTGT-1,myel. prog. #3
CCTCACAAGACATACA-1,HSCs #2
CCTCACACACGTACTA-1,ery. prog. #1
CCTCACAGTCCACATA-1,MK prog.
CCTCACATCGGCATCG-1,LMPPs #2
CCTCACATCTCCGCAT-1,LMPPs #1
CCTCAGTAGGCCCGTT-1,myel. prog. #1
CCTCAGTCACTGGATT-1,LMPPs #2
CCTCAGTTCCAATCTT-1,myel. prog. #2
CCTCATGAGTGTTGTC-1,LMPPs #2
CCTCATGTCCTCTGCA-1,myel. prog. #2
CCTCATGTCGTGCAGC-1,ery. prog. #3
CCTCCAAGTCTGTGCG-1,myel. prog. #1
CCTCCAAGTGGCTGCT-1,myel. prog. #2
CCTCCAATCAGTCACA-1,myel. prog. #2
CCTCCTCCAACCGTAT-1,ery. prog. #3
CCTCCTCCATTGTAGC-1,ery. prog. #1
CCTCTAGCACAATCTG-1,LMPPs #1
CCTCTAGTCGGCACTG-1,HSCs #2
CCTCTCCAGACTCCGC-1,myel. prog. #1
CCTCTCCCAACCGCTG-1,myel. prog. #2
CCTCTCCGTAACATCC-1,LMPPs #1
CCTGTTGAGCACCGTC-1,LMPPs #1
CCTGTTGCACTGCGTG-1,LMPPs #2
CCTGTTGCAGCTGTAT-1,HSCs #1
CCTGTTGGTCCTTTGC-1,myel. prog. #1
CCTGTTGGTCTTGTCC-1,myel. prog. #1
CCTGTTGTCGTAGCCG-1,ery. prog. #2
CCTTCAGAGACTGTTC-1,ery. prog. #1
CCTTCAGTCAAGTGGG-1,ery. prog. #3
CCTTCAGTCCAGGACC-1,myel. prog. #2
CCTTGTGAGCTGACTT-1,HSCs #1
CCTTGTGCAGTAGTGG-1,myel. prog. #3
CCTTGTGCAGTCGGAA-1,ery. prog. #3
CCTTTGGAGCCGTAAG-1,LMPPs #2
CCTTTGGAGGGATCTG-1,MK prog.
CCTTTGGCAGCTCGGT-1,LMPPs #2
CCTTTGGGTTAAGCAA-1,HSCs #2
CGAAGGACAGTTGTCA-1,LMPPs #2
CGAAGGATCATCGTAG-1,LMPPs #1
CGAAGTTTCGCCGAGT-1,LMPPs #2
CGAATTGAGTCCGCGT-1,MK prog.
CGACAGCAGGTCTACT-1,LMPPs #1
CGACAGCCAAGTATAG-1,myel. prog. #2
CGACAGCGTCTGTGTA-1,ery. prog. #3
CGAGAAGCAAACACCT-1,LMPPs #2
CGAGAAGGTATGAAAC-1,myel. prog. #3
CGAGAAGGTTTCGCTC-1,MK prog.
CGAGAAGTCGCCGAGT-1,ery. prog. #2
CGAGGAAAGTGATTCC-1,HSCs #2
CGAGGAAGTCTACAAC-1,MK prog.
CGAGTGCAGTACAGAT-1,ery. prog. #3
CGATCGGAGCGCCTTG-1,ery. prog. #3
CGATCGGAGGTGCCAA-1,LMPPs #2
CGATCGGCATCTTTCA-1,myel. prog. #2
CGATCGGGTACTCCCT-1,ery. prog. #2
CGATCGGTCAGTCACA-1,HSCs #2
CGATGCGGTCATGGCC-1,myel. prog. #1
CGATGCGGTGAGTCAG-1,myel. prog. #1
CGATGGCAGATTAGCA-1,monocytes
CGATGGCCACATTACG-1,HSCs #1
CGATGGCCACTATGTG-1,myel. prog. #2
CGATGGCGTACTGACT-1,LMPPs #2
CGATGGCGTCCGTACG-1,ery. prog. #2
CGATGGCGTTAGCGGA-1,eosinophil prog.
CGCAGGTAGGTTCAGG-1,myel. prog. #2
CGCAGGTCACTTTATC-1,LMPPs #1
CGCAGGTGTGCGTCGT-1,LMPPs #1
CGCAGGTTCGGTAACT-1,myel. prog. #2
CGCATAAAGAGATCGC-1,ery. prog. #2
CGCATAAAGATGCCGA-1,ery. prog. #2
CGCATAAAGTTACGGG-1,LMPPs #1
CGCATAAGTTGTAAAG-1,myel. prog. #1
CGCATGGTCTAGACAC-1,myel. prog. #3
CGCCAGAGTACCTATG-1,myel. prog. #1
CGCCATTAGGAATGTT-1,myel. prog. #2
CGCCATTAGGGAGTGG-1,myel. prog. #2
CGCCATTAGTGTTCAC-1,ery. prog. #3
CGCGTGATCGAGTTGT-1,MK prog.
CGGAACCAGGCACAAC-1,HSCs #2
CGGAACCGTACGTTCA-1,HSCs #2
CGGAATTAGTATGTAG-1,HSCs #2
CGGAATTCATCTGCGG-1,MK prog.
CGGACACCAAAGCAAT-1,HSCs #2
CGGACACGTAGGTCAG-1,ery. prog. #2
CGGAGAAAGCGATGAC-1,myel. prog. #2
CGGAGAAGTCTTCTAT-1,MK prog.
CGGAGAATCACACGAT-1,myel. prog. #3
CGGCAGTCAAGCGAGT-1,LMPPs #2
CGGGACTCAAGAGCTG-1,MK prog.
CGGGACTGTCGTGGAA-1,LMPPs #2
CGGGACTGTCTGATCA-1,MK prog.
CGGGACTGTTTACCTT-1,myel. prog. #2
CGGGTCACAGTCTACA-1,LMPPs #1
CGGGTCATCCCTTCCC-1,ery. prog. #2
CGGGTGTCATGACTTG-1,ery. prog. #3
CGGGTGTTCTACACAG-1,myel. prog. #2
CGGGTGTTCTTCGATT-1,myel. prog. #1
CGTAAGTTCACACCGG-1,eosinophils
CGTAAGTTCTCTCCGA-1,myel. prog. #1
CGTAGTACAACCACGC-1,myel. prog. #1
CGTAGTACATGTGTCA-1,myel. prog. #1
CGTCAAAAGTCAGCCC-1,HSCs #2
CGTCAAAGTTCCGCGA-1,ery. prog. #3
CGTCCATAGGGCAGTT-1,ery. prog. #2
CGTCCATGTGAGAGGG-1,ery. prog. #2
CGTCCATGTTCAGCTA-1,ery. prog. #2
CGTCCATTCAGGTAAA-1,myel. prog. #1
CGTGAATTCAGGGTAG-1,eosinophil prog.
CGTGATAAGCGATCGA-1,myel. prog. #2
CGTGATAGTGGTACAG-1,myel. prog. #1
CGTGTCTTCAACTGAC-1,MK prog.
CGTGTCTTCCCTCAAC-1,LMPPs #2
CGTTAGACACAATTCG-1,myel. prog. #3
CGTTAGAGTTCTCACC-1,ery. prog. #3
CGTTAGATCAGCGTCG-1,MK prog.
CGTTCTGAGAGCCCAA-1,myel. prog. #3
CGTTCTGAGGCTGGAT-1,eosinophil prog.
CGTTCTGCAGTAGAAT-1,myel. prog. #3
CGTTCTGGTTGCCGAC-1,ery. prog. #2
CGTTGGGCACAAATCC-1,LMPPs #2
CTAACCCAGCGTGTCC-1,HSCs #2
CTAACCCGTGGGTTGA-1,HSCs #2
CTAACCCTCTCAACCC-1,MK prog.
CTAACTTTCTCACGAA-1,HSCs #2
CTACAGAAGGAAAGTG-1,ery. prog. #3
CTACATTCAAACTCGT-1,HSCs #2
CTACATTCAAGTATCC-1,ery. prog. #1
CTACATTCATTCGGGC-1,HSCs #2
CTACCTGAGTAGCATA-1,ery. prog. #2
CTACCTGTCTGGGCAC-1,LMPPs #1
CTACGGGTCGATGCAT-1,MK prog.
CTACTATCAAAGGAGA-1,myel. prog. #1
CTACTATGTACCAATC-1,myel. prog. #1
CTAGACAAGAATCTAG-1,HSCs #2
CTAGACAAGCATGCGA-1,myel. prog. #1
CTAGACATCCGGTTCT-1,HSCs #2
CTAGGTACACTCCACT-1,MK prog.
CTAGGTACAGGACAGT-1,LMPPs #1
CTAGGTAGTGCGACAA-1,MK prog.
CTAGGTAGTTGGATCT-1,myel. prog. #1
CTAGGTATCACCATGA-1,LMPPs #1
CTATAGGAGGTAGGCT-1,myel. prog. #2
CTATAGGTCGCTGTTC-1,ery. prog. #2
CTATCCGCAAGCGGAT-1,LMPPs #1
CTATCTACACTAGAGG-1,HSCs #2
CTATCTAGTCCTCAGG-1,ery. prog. #3
CTCAACCCACAAATGA-1,HSCs #2
CTCAACCCACTGTTCC-1,HSCs #2
CTCAACCTCAACACCA-1,myel. prog. #3
CTCAAGAGTACTGTTG-1,HSCs #2
CTCAATTAGATCCAAA-1,ery. prog. #2
CTCAATTCAAATCGGG-1,myel. prog. #3
CTCAATTCATTGCAAC-1,myel. prog. #3
CTCAATTGTAGCGTAG-1,myel. prog. #3
CTCAATTGTTTCGTGA-1,myel. prog. #2
CTCACTGCAGCGAACA-1,myel. prog. #2
CTCACTGTCCCGTGTT-1,myel. prog. #1
CTCAGAAAGTGCAACG-1,LMPPs #1
CTCAGAAGTAGCTTAC-1,ery. prog. #2
CTCAGAAGTGTTATCG-1,LMPPs #1
CTCAGGGAGCATGATA-1,myel. prog. #3
CTCAGGGGTACCCGAC-1,ery. prog. #1
CTCAGGGTCGCAAGAG-1,myel. prog. #1
CTCAGGGTCTAGCATG-1,HSCs #2
CTCAGTCAGACAGCGT-1,MK prog.
CTCAGTCAGGACAAGA-1,ery. prog. #3
CTCAGTCAGTTCATCG-1,MK prog.
CTCAGTCCACCTGCTT-1,myel. prog. #3
CTCAGTCGTGCCTTTC-1,ery. prog. #2
CTCATCGAGAGCCTGA-1,ery. prog. #3
CTCATTACAGCGAGTA-1,LMPPs #1
CTCATTACAGTCCCGA-1,myel. prog. #3
CTCATTAGTGTTCAGT-1,monocytes
CTCATTAGTTTCACAG-1,myel. prog. #3
CTCCAACAGATTACCC-1,HSCs #2
CTCCAACTCTGGCCGA-1,myel. prog. #3
CTCCACAAGAAGCCTG-1,LMPPs #1
CTCCACAAGACTAAGT-1,myel. prog. #2
CTCCACAAGTACAGCG-1,myel. prog. #2
CTCCACACAAACGGCA-1,HSCs #2
CTCCACACACCCTGTT-1,LMPPs #2
CTCCACACAGAGGCAT-1,MK prog.
CTCCACAGTGCCTAAT-1,HSCs #2
CTCCACATCGTAGGAG-1,eosinophil prog.
CTCCATGCACGTCATA-1,MK prog.
CTCCATGTCACTGGTA-1,ery. prog. #2
CTCCATGTCGTAATGC-1,myel. prog. #3
CTCCGATCAGACCATT-1,myel. prog. #1
CTCCTCCAGGCATTTC-1,myel. prog. #3
CTCCTCCAGGGAGTGG-1,myel. prog. #1
CTCCTTTAGGAGTATT-1,MK prog.
CTCCTTTAGGCTAGCA-1,myel. prog. #2
CTCCTTTCAACGTTAC-1,ery. prog. #1
CTCCTTTTCCAGCACG-1,monocytes
CTCGAGGTCTTTGCAT-1,myel. prog. #2
CTCTCAGCACATCCCT-1,HSCs #1
CTCTCAGGTTCTTAGG-1,ery. prog. #2
CTCTCAGTCCCTCAAC-1,HSCs #2
CTCTCAGTCTGGCCAG-1,myel. prog. #2
CTCTCGAAGGGATCGT-1,myel. prog. #2
CTCTGGTGTGATGAAT-1,HSCs #1
CTCTGGTTCGCTTGCT-1,ery. prog. #3
CTGAATGCAAATTGCC-1,myel. prog. #2
CTGAGCGGTCCAATCA-1,myel. prog. #1
CTGAGCGGTTCCTAGA-1,ery. prog. #2
CTGAGCGTCTGGCCGA-1,ery. prog. #3
CTGAGGCCATGCAGGA-1,LMPPs #1
CTGAGGCTCATAGGCT-1,LMPPs #2
CTGAGGCTCATGGCCG-1,myel. prog. #3
CTGAGGCTCCTATGGA-1,MK prog.
CTGAGGCTCTGTCCGT-1,ery. prog. #2
CTGAGGCTCTTAATCC-1,ery. prog. #2
CTGATCCAGAAACACT-1,myel. prog. #2
CTGATCCGTAGCGTAG-1,MK prog.
CTGATCCGTTTCGACA-1,myel. prog. #3
CTGCAGGCAAGTATAG-1,myel. prog. #2
CTGCAGGCACGGTAGA-1,myel. prog. #2
CTGCATCAGTGCTCAT-1,LMPPs #2
CTGCATCGTCAACACT-1,HSCs #2
CTGCCATAGGTCGTCC-1,monocytes
CTGCCATAGTTGAATG-1,ery. prog. #2
CTGCCATCAATTCACG-1,HSCs #1
CTGCCATGTACCTATG-1,myel. prog. #3
CTGCCATGTAGACAAT-1,MK prog.
CTGCCTACAAACTAAG-1,myel. prog. #1
CTGCCTACAACCGGAA-1,ery. prog. #2
CTGCCTACATTCGATG-1,myel. prog. #2
CTGCCTAGTACCAATC-1,HSCs #1
CTGCCTAGTTTCGTTT-1,myel. prog. #3
CTGCCTATCCAATGCA-1,ery. prog. #2
CTGCCTATCTAGCATG-1,ery. prog. #1
CTGCGAGAGAGTGGCT-1,myel. prog. #1
CTGCGAGCAATCTGCA-1,LMPPs #1
CTGCGAGTCCACGTCT-1,LMPPs #2
CTGCTCAAGGCATGGT-1,LMPPs #2
CTGCTCAAGGTAGTCG-1,myel. prog. #3
CTGGACGCATCATTTC-1,ery. prog. #3
CTGGACGTCATGCAGT-1,ery. prog. #2
CTGGACGTCCGGTTCT-1,myel. prog. #1
CTGGCAGCATACAGGG-1,LMPPs #2
CTGGTCTAGAACTCCT-1,HSCs #2
CTGGTCTAGTTTCGGT-1,LMPPs #1
CTGGTCTCAAAGGTTA-1,LMPPs #1
CTGGTCTCAGAGTCAG-1,LMPPs #1
CTGGTCTCATCTAGAC-1,ery. prog. #2
CTGGTCTGTGGCACTC-1,ery. prog. #3
CTGTACCAGACATGCG-1,HSCs #2
CTGTACCGTCTTACTT-1,HSCs #1
CTGTACCTCTCACTCG-1,ery. prog. #1
CTGTAGAAGAAGATCT-1,LMPPs #1
CTGTAGAAGAATTGTG-1,MK prog.
CTGTAGAAGGTCACAG-1,myel. prog. #1
CTGTAGACAAAGGAGA-1,myel. prog. #1
CTGTAGAGTTCATCTT-1,myel. prog. #1
CTGTATTAGATTGTGA-1,myel. prog. #2
CTGTATTGTAAGATAC-1,LMPPs #1
CTGTATTTCATACGGT-1,myel. prog. #1
CTGTCGTAGCCGTAAG-1,myel. prog. #1
CTGTCGTAGGCCTGAA-1,HSCs #2
CTGTCGTGTCATAACC-1,LMPPs #2
CTGTCGTTCATGTCAG-1,LMPPs #2
CTGTGAAAGTACAGCG-1,myel. prog. #2
CTGTGAATCCTATTGT-1,MK prog.
CTTACCGAGTTCTCTT-1,myel. prog. #3
CTTACCGCATTCGATG-1,MK prog.
CTTACCGGTCGACTGC-1,LMPPs #2
CTTAGGAAGTCGTCTA-1,myel. prog. #1
CTTAGGAGTCATTCCC-1,LMPPs #2
CTTAGGAGTGAATTAG-1,ery. prog. #2
CTTAGGATCGTCGACG-1,myel. prog. #1
CTTCCGACATACACCA-1,myel. prog. #1
CTTCCGATCTCTGCTG-1,HSCs #2
CTTCGGTAGCGTGAAC-1,ery. prog. #3
CTTCGGTCAAGACGAC-1,MK prog.
CTTCGGTGTCCAGCGT-1,myel. prog. #3
CTTCTAAAGAAGCCAC-1,MK prog.
CTTCTAAAGACTCCGC-1,myel. prog. #3
CTTCTAAAGGCTCTAT-1,myel. prog. #2
CTTCTAAGTTCTAACG-1,LMPPs #1
CTTCTAATCGCCAGTG-1,LMPPs #1
CTTGAGACAAGGACAC-1,myel. prog. #3
CTTGAGACACAACCGC-1,ery. prog. #2
CTTGAGACAGATCATC-1,HSCs #2
CTTGAGAGTTGCTGAT-1,HSCs #2
CTTGAGATCAGTAGGG-1,LMPPs #2
CTTGATTAGCCTCATA-1,myel. prog. #2
CTTGATTCACAAATGA-1,ery. prog. #1
CTTGATTTCAAAGCCT-1,myel. prog. #2
CTTGATTTCACAAGAA-1,ery. prog. #1
CTTTCAAAGTCTACCA-1,MK prog.
CTTTCAAGTAATCAGA-1,MK prog.
CTTTCGGAGTGTAGTA-1,myel. prog. #2
CTTTCGGTCCACGTCT-1,HSCs #2
CTTTCGGTCCCGAACG-1,myel. prog. #3
CTTTCGGTCGTCCTCA-1,HSCs #2
GAAACCTCATATCTGG-1,HSCs #2
GAAACCTCATCCGATA-1,myel. prog. #1
GAAACCTTCGAACACT-1,HSCs #2
GAACACTCATGAAGGC-1,LMPPs #2
GAACACTGTATAGGGC-1,ery. prog. #1
GAACGTTGTGCCGTTG-1,MK prog.
GAACGTTTCACTTATC-1,LMPPs #1
GAACGTTTCCGTGACG-1,eosinophil prog.
GAACTGTAGATACTGA-1,ery. prog. #3
GAACTGTCAGGCTACC-1,ery. prog. #3
GAACTGTGTAAGATAC-1,HSCs #2
GAACTGTGTATTCTCT-1,myel. prog. #3
GAAGAATCACGCACCA-1,LMPPs #1
GAAGAATCAGGTCCCA-1,myel. prog. #1
GAAGCCCCATGCACTA-1,MK prog.
GAAGCCCGTAGCTGCC-1,myel. prog. #1
GAAGCCCGTCGCTGCA-1,myel. prog. #1
GAAGGACAGATGCTAA-1,myel. prog. #2
GAAGGACCACGTCGGT-1,ery. prog. #2
GAAGGACGTTCGGTAT-1,LMPPs #2
GAAGGGTTCAGTGTTG-1,eosinophil prog.
GAAGGGTTCGGTCTAA-1,ery. prog. #3
GAAGTAAAGGACAGCT-1,HSCs #2
GAAGTAAGTTGTTGCA-1,myel. prog. #3
GAATAGACAAACTAGA-1,HSCs #2
GAATAGACAAGACCTT-1,LMPPs #2
GAATAGAGTCGTCGGT-1,LMPPs #1
GAATAGAGTGTGTCCG-1,MK prog.
GAATAGATCACGGGAA-1,ery. prog. #3
GAATAGATCCACGTGG-1,HSCs #2
GAATCACCAGCTCTGG-1,HSCs #2
GAATCACGTCCACACG-1,myel. prog. #2
GAATCACGTTTCGTTT-1,myel. prog. #1
GAATCACTCGATTCCC-1,eosinophil prog.
GAATCGTAGGAAGTGA-1,myel. prog. #1
GAATCGTCAGTCAGCC-1,myel. prog. #3
GAATCGTTCGCGTGAC-1,myel. prog. #3
GAATCGTTCTTAGTTC-1,HSCs #2
GACACGCAGACCATGG-1,ery. prog. #1
GACACGCCATGGAAGC-1,LMPPs #1
GACACGCGTTGTTTGG-1,myel. prog. #1
GACCAATCAGAGACTG-1,LMPPs #2
GACCAATTCTTTCGAT-1,myel. prog. #2
GACCCAGGTTACGCCG-1,ery. prog. #3
GACCCAGTCAGTGGGA-1,ery. prog. #2
GACCGTGAGGGACACT-1,HSCs #2
GACCGTGGTGTATTCG-1,ery. prog. #3
GACCTTCGTCCCACGA-1,myel. prog. #2
GACCTTCGTGTCCACG-1,HSCs #2
GACGTTAAGCAAATGT-1,MK prog.
GACGTTAAGGGATCAC-1,LMPPs #1
GACGTTAAGTGGTTCT-1,LMPPs #2
GACGTTATCTAGCATG-1,LMPPs #1
GACTATGCAGGCTATT-1,eosinophil prog.
GACTATGGTTCTTAGG-1,HSCs #1
GACTATGTCTGATGGT-1,myel. prog. #2
GACTCAACAGTTGTCA-1,HSCs #2
GACTCAAGTAAGCAAT-1,HSCs #2
GACTCAAGTGGCGCTT-1,LMPPs #1
GACTCTCAGCACCAGA-1,myel. prog. #1
GACTCTCCACCTCTAC-1,HSCs #1
GACTCTCCATAGTCGT-1,MK prog.
GACTGATCATTCCTCG-1,ery. prog. #2
GACTGATGTTCTATCT-1,myel. prog. #3
GACTGATGTTTGAACC-1,MK prog.
GACTTCCAGCTTACGT-1,ery. prog. #1
GACTTCCCAAAGTATG-1,myel. prog. #3
GACTTCCGTCGAATTC-1,MK prog.
GACTTCCGTGTTTGCA-1,myel. prog. #1
GAGAAATAGGTTCCGC-1,myel. prog. #2
GAGACCCCAGCCCACA-1,LMPPs #1
GAGAGGTTCCCGATCT-1,MK prog.
GAGATGGAGAGCAAGA-1,myel. prog. #2
GAGATGGAGTTGCGCC-1,MK prog.
GAGCCTGAGGAATTAC-1,ery. prog. #2
GAGCCTGAGTATAGAC-1,HSCs #2
GAGCCTGTCAAACCTG-1,myel. prog. #3
GAGCCTGTCAGCGGAA-1,myel. prog. #2
GAGCTGCCAGTACTAC-1,myel. prog. #2
GAGCTGCTCAGCGTCG-1,MK prog.
GAGCTGCTCCCAGCGA-1,HSCs #2
GAGCTGCTCTGCACCT-1,HSCs #2
GAGGCAAAGGCGTTAG-1,myel. prog. #2
GAGGCAAAGGTGAGCT-1,ery. prog. #3
GAGGCAAAGTGGATTA-1,myel. prog. #3
GAGGCAACACACGTGC-1,myel. prog. #1
GAGGCAAGTGTAAACA-1,HSCs #2
GAGGCCTAGGGTAATT-1,MK prog.
GAGGCCTGTTGTGCAT-1,eosinophils
GAGGCCTTCGATACTG-1,myel. prog. #2
GAGGGATTCATACGGT-1,HSCs #2
GAGGGTAAGAGCAGAA-1,myel. prog. #2
GAGGGTACAGTGGGTA-1,MK prog.
GAGGGTAGTTCGTAAC-1,myel. prog. #2
GAGTCATAGCGTTCAT-1,eosinophil prog.
GAGTCATCATGTGCTA-1,myel. prog. #2
GAGTCATGTAGACGGT-1,myel. prog. #2
GAGTCATTCAGAGTTC-1,ery. prog. #3
GAGTCTAAGCACCCAC-1,myel. prog. #1
GAGTCTAAGCCACCGT-1,HSCs #2
GAGTCTACAAGAGGCT-1,myel. prog. #1
GAGTCTACAGTAGAGC-1,LMPPs #2
GAGTCTAGTACGGATG-1,MK prog.
GAGTCTATCCTATTTG-1,LMPPs #2
GAGTGAGAGTTGTCAC-1,ery. prog. #3
GAGTGAGTCTAGTCAG-1,ery. prog. #3
GAGTTACAGATTGTGA-1,LMPPs #2
GAGTTACAGTAGGCCA-1,MK prog.
GAGTTACCATGTCGTA-1,LMPPs #1
GAGTTGTTCAATCAGC-1,MK prog.
GAGTTGTTCGACGAGA-1,MK prog.
GAGTTTGCAGTTTGGT-1,MK prog.
GAGTTTGCATTGACAC-1,ery. prog. #1
GATAGAAGTGGTACAG-1,ery. prog. #3
GATAGCTAGCGAGGAG-1,LMPPs #2
GATAGCTCAGCGACAA-1,LMPPs #2
GATCACAAGTGCCCGT-1,myel. prog. #2
GATCACACAATTAGGA-1,ery. prog. #1
GATCACACATCACCAA-1,ery. prog. #3
GATCACAGTACATTGC-1,myel. prog. #3
GATCACATCCAATGCA-1,eosinophil prog.
GATCACATCGTCTACC-1,ery. prog. #3
GATCAGTCACTACGGC-1,ery. prog. #3
GATCAGTCAGACGATG-1,myel. prog. #3
GATCAGTGTTGGCCGT-1,myel. prog. #2
GATCATGAGCGAGGAG-1,myel. prog. #2
GATCATGCAACACAGG-1,LMPPs #1
GATCATGCAAGTCATC-1,myel. prog. #3
GATCATGTCGCCGATG-1,HSCs #1
GATCCCTAGGTCATTC-1,MK prog.
GATCCCTCAGTATGAA-1,myel. prog. #2
GATCCCTTCTTAATCC-1,myel. prog. #2
GATCGTAAGACCACGA-1,MK prog.
GATGAGGAGCAATAGT-1,ery. prog. #2
GATGAGGGTGCGGATA-1,myel. prog. #1
GATGAGGTCCGGACTG-1,ery. prog. #2
GATGATCGTAGCTGTT-1,ery. prog. #2
GATGATCTCAGGACGA-1,myel. prog. #2
GATGCTAAGAGCCGAT-1,LMPPs #1
GATGCTAAGCGACTAG-1,ery. prog. #1
GATGCTACATAAGATG-1,MK prog.
GATGCTAGTTAAGCAA-1,myel. prog. #1
GATGCTAGTTTCTATC-1,monocytes
GATGGAGAGCCAACCC-1,LMPPs #2
GATGGAGTCAAAGGAT-1,MK prog.
GATGTTGGTCCTCCAT-1,MK prog.
GATTCTTAGGAACATT-1,myel. prog. #1
GATTCTTGTACCGGCT-1,HSCs #2
GATTGGTGTAATACCC-1,myel. prog. #3
GATTTCTCAGAAATCA-1,MK prog.
GATTTCTGTAACCCTA-1,myel. prog. #2
GATTTCTGTTTCGACA-1,HSCs #2
GATTTCTGTTTCGTGA-1,MK prog.
GCAACATGTACAGTAA-1,ery. prog. #3
GCAACATTCAAAGAAC-1,HSCs #2
GCAACCGCAAGCGGAT-1,LMPPs #2
GCAACCGCACATGAAA-1,myel. prog. #2
GCAACCGGTTTACACG-1,myel. prog. #2
GCACATAAGGATTTCC-1,ery. prog. #2
GCACATATCTATCGTT-1,ery. prog. #3
GCACGGTGTGTGAATA-1,ery. prog. #3
GCACGTGGTTCGGTAT-1,myel. prog. #3
GCACGTGTCAGTAGGG-1,ery. prog. #3
GCACGTGTCATGCAGT-1,myel. prog. #2
GCAGCCAGTATCAGCT-1,myel. prog. #1
GCAGCCATCAGTCTTT-1,HSCs #2
GCAGCCATCGAGAACG-1,LMPPs #1
GCAGCCATCGTGGACC-1,myel. prog. #3
GCAGCTGTCTACCCAC-1,ery. prog. #3
GCAGGCTCAATCTGCA-1,LMPPs #2
GCAGGCTGTGCAACGA-1,LMPPs #1
GCAGGCTTCACGTCCT-1,HSCs #2
GCAGGCTTCATGGGAG-1,ery. prog. #2
GCAGTTACACAAAGCG-1,MK prog.
GCAGTTATCATTCCTA-1,myel. prog. #2
GCATCGGGTCCTGTCT-1,LMPPs #2
GCATCTCGTACCACGC-1,myel. prog. #2
GCATCTCGTATGTCTG-1,LMPPs #1
GCATCTCGTTGGATCT-1,MK prog.
GCATCTCTCGTACCTC-1,myel. prog. #3
GCATGATAGCGTTCCG-1,myel. prog. #2
GCATGATCACTTGAAC-1,ery. prog. #3
GCATGATTCTGTAACG-1,eosinophil prog.
GCATTAGCATTATGCG-1,MK prog.
GCATTAGTCGCTCTCA-1,ery. prog. #1
GCCAGCACACCACATA-1,eosinophil prog.
GCCAGCATCTACGCGG-1,HSCs #2
GCCAGGTAGGCTCAAG-1,myel. prog. #1
GCCAGGTAGGCTTCCG-1,MK prog.
GCCAGTGCATCCGTTC-1,ery. prog. #1
GCCAGTGTCGCAATGT-1,myel. prog. #3
GCCATGGGTCTTCCGT-1,ery. prog. #3
GCCATTCAGTCATTGC-1,ery. prog. #3
GCCATTCCACGGAAGT-1,HSCs #2
GCCATTCCAGCAGGAT-1,myel. prog. #3
GCCCAGACAAATCGGG-1,MK prog.
GCCCAGACATGTGACT-1,myel. prog. #2
GCCCAGAGTACTCGCG-1,LMPPs #2
GCCCAGAGTCCTCAGG-1,myel. prog. #1
GCCCAGAGTGTGTCCG-1,LMPPs #2
GCCCGAAAGAAGCGAA-1,MK prog.
GCCGATGAGTGCCCGT-1,LMPPs #1
GCCGTGACAAATCAGA-1,ery. prog. #1
GCCGTGACAAGGTCGA-1,myel. prog. #1
GCCGTGAGTGTTCCAA-1,MK prog.
GCCTGTTAGACTAAGT-1,myel. prog. #1
GCCTGTTAGATGAATC-1,HSCs #2
GCCTGTTTCTCATTGT-1,HSCs #1
GCGAGAAAGGAGCAAA-1,myel. prog. #2
GCGAGAAAGGTTTACC-1,LMPPs #1
GCGAGAACATTGCAAC-1,MK prog.
GCGGAAAGTTGGCTAT-1,eosinophil prog.
GCGGAAATCTTCGATT-1,myel. prog. #2
GCGGATCAGGCCTAAG-1,myel. prog. #3
GCGGATCAGGCTAAAT-1,myel. prog. #2
GCGGATCCATCGATCA-1,myel. prog. #1
GCGGATCTCCGTCAAA-1,LMPPs #2
GCGTGCAAGTCATCGT-1,HSCs #2
GCGTGCACACTGCTTC-1,ery. prog. #3
GCGTGCAGTGTAAACA-1,myel. prog. #1
GCGTTTCAGGCCTAAG-1,ery. prog. #3
GCGTTTCAGTGCACTT-1,MK prog.
GCGTTTCAGTGCTCGC-1,MK prog.
GCGTTTCTCGATTTCT-1,ery. prog. #3
GCTACAAGTAGAGGAA-1,myel. prog. #2
GCTACAATCCAGTGTA-1,ery. prog. #1
GCTACCTAGCTGCCAC-1,MK prog.
GCTACCTAGTCTGTAC-1,myel. prog. #1
GCTACCTGTAATGCTC-1,HSCs #2
GCTACCTGTTCCTAGA-1,myel. prog. #3
GCTACCTTCTTGCAAG-1,MK prog.
GCTCAAAAGCATCAGG-1,LMPPs #2
GCTCAAACAGAATTCC-1,myel. prog. #3
GCTCAAACAGCGTATT-1,ery. prog. #2
GCTCAAACAGTGCGCT-1,ery. prog. #2
GCTCAAAGTTATGTGC-1,HSCs #2
GCTGAATAGGCGATAC-1,myel. prog. #2
GCTGAATCAGCTGCCA-1,LMPPs #2
GCTGCAGAGTAAACAC-1,LMPPs #1
GCTGCAGAGTTGAAGT-1,myel. prog. #1
GCTGCAGTCGCTTGAA-1,MK prog.
GCTGCAGTCTGTTCAT-1,myel. prog. #3
GCTGGGTAGATTGTGA-1,myel. prog. #1
GCTGGGTCACTCCACT-1,myel. prog. #1
GCTGGGTTCTCTGACC-1,MK prog.
GCTTCACGTTGGAGGT-1,eosinophil prog.
GCTTTCGCACCCTATC-1,HSCs #2
GGAACCCGTGGCCACT-1,LMPPs #1
GGAACCCTCCGTGACG-1,myel. prog. #2
GGAAGTGAGGTACAAT-1,myel. prog. #2
GGAAGTGAGGTAGACC-1,ery. prog. #3
GGAAGTGAGGTCATCT-1,MK prog.
GGAATCTAGCAATAGT-1,myel. prog. #1
GGAATCTAGCCGATCC-1,myel. prog. #2
GGAATCTAGGAGGGTG-1,MK prog.
GGAATCTAGTCGAAAT-1,myel. prog. #2
GGAATCTCACAGCCAC-1,HSCs #2
GGAATCTGTTTCTTAC-1,LMPPs #1
GGAATGGAGAAGCCAC-1,LMPPs #2
GGAATGGGTGAGTGAC-1,LMPPs #2
GGAATGGGTGGGCTCT-1,eosinophils
GGAATGGTCGACCAAT-1,MK prog.
GGACGTCAGTGGTTCT-1,myel. prog. #3
GGACGTCGTATGGAGC-1,LMPPs #2
GGACGTCTCATGCCCT-1,HSCs #2
GGAGAACAGCGATGGT-1,MK prog.
GGAGCAACACTCTAGA-1,MK prog.
GGAGCAAGTCTGATCA-1,LMPPs #2
GGAGCAATCTGTCAGA-1,LMPPs #1
GGAGCAATCTTCTCAA-1,ery. prog. #3
GGAGGATCAATTTCGG-1,MK prog.
GGAGGATCACTACTTT-1,myel. prog. #2
GGAGGATGTTTCCATT-1,MK prog.
GGAGGATTCAAGTTGC-1,eosinophil prog.
GGATCTAGTACGATCT-1,LMPPs #2
GGATCTATCCCGTGTT-1,HSCs #2
GGATCTATCGCCTCTA-1,myel. prog. #1
GGATCTATCTCCTACG-1,ery. prog. #1
GGATGTTAGGTGCAGT-1,myel. prog. #2
GGATGTTTCACGGAGA-1,HSCs #2
GGATGTTTCCATAAGC-1,myel. prog. #2
GGATGTTTCCCTAGGG-1,myel. prog. #2
GGATGTTTCCGCGAGT-1,ery. prog. #3
GGCACGTAGTTGCTCA-1,myel. prog. #3
GGCACGTCAATGCAGG-1,LMPPs #2
GGCACGTCACGGCTAC-1,myel. prog. #1
GGCACGTCATCTCCCA-1,myel. prog. #2
GGCACGTGTCGTCAGC-1,myel. prog. #1
GGCAGTCAGCATCCTA-1,MK prog.
GGCAGTCAGGATTTAG-1,ery. prog. #3
GGCTGTGTCCCAAGTA-1,MK prog.
GGCTGTGTCGGACCAC-1,myel. prog. #1
GGCTTGGAGGCCTGCT-1,myel. prog. #3
GGCTTGGCATTGTAGC-1,myel. prog. #2
GGCTTGGGTGGCCACT-1,ery. prog. #3
GGCTTGGGTTTACGAC-1,myel. prog. #2
GGCTTGGTCACTACGA-1,HSCs #2
GGCTTTCAGGAGAGTA-1,LMPPs #2
GGCTTTCCAGGGTCTC-1,ery. prog. #3
GGCTTTCGTAACCCTA-1,ery. prog. #3
GGCTTTCGTACGACTT-1,myel. prog. #1
GGCTTTCGTCCATAGT-1,myel. prog. #1
GGCTTTCTCGTCTCAC-1,ery. prog. #2
GGGAAGTTCCACTTCG-1,MK prog.
GGGACCTAGATCACCT-1,MK prog.
GGGACCTGTAGGTTTC-1,LMPPs #2
GGGACCTTCCAGTGCG-1,myel. prog. #2
GGGACCTTCTGCCTCA-1,ery. prog. #3
GGGACTCCAGCATCTA-1,myel. prog. #2
GGGACTCTCTCTTAAC-1,myel. prog. #2
GGGACTCTCTTAGCTT-1,HSCs #2
GGGAGTAAGGTATCTC-1,myel. prog. #1
GGGAGTACAAGTCGTT-1,ery. prog. #2
GGGAGTACATCTCAAG-1,myel. prog. #3
GGGAGTAGTATCCTTT-1,LMPPs #1
GGGATCCAGAAACTAC-1,LMPPs #1
GGGATCCGTGTTGAGG-1,LMPPs #2
GGGATCCGTTCGTTCC-1,HSCs #2
GGGATGACACTCCGGA-1,myel. prog. #2
GGGATGACAGCAATTC-1,myel. prog. #3
GGGATGAGTGCCTGAC-1,MK prog.
GGGCCATAGCAAATCA-1,myel. prog. #3
GGGCCATCAGTAGTTC-1,MK prog.
GGGCCATCATGTGTCA-1,ery. prog. #1
GGGCCATGTACCCAGC-1,myel. prog. #1
GGGCGTTAGACCCGCT-1,ery. prog. #3
GGGCGTTAGCTCTTCC-1,HSCs #2
GGGCGTTGTCCCGCAA-1,myel. prog. #2
GGGCGTTTCAGCGCAC-1,monocytes
GGGCGTTTCCACGGGT-1,myel. prog. #2
GGGCGTTTCCTTCTTC-1,myel. prog. #2
GGGCTACAGGTTGTTC-1,HSCs #2
GGGCTCACAAGTCATC-1,ery. prog. #3
GGGCTCATCCGACGGT-1,LMPPs #1
GGGCTCATCCGTGTGG-1,myel. prog. #3
GGGCTCATCCTCTGCA-1,LMPPs #2
GGGTAGAAGGGAGGCA-1,myel. prog. #1
GGGTAGACAGGCTTGC-1,LMPPs #2
GGGTAGAGTAGTTCCA-1,myel. prog. #1
GGGTATTAGGGTAGCT-1,ery. prog. #1
GGGTATTGTTGCCGCA-1,ery. prog. #2
GGGTCACAGTCGAAGC-1,MK prog.
GGGTCACGTGTGGACA-1,LMPPs #1
GGGTCACTCAGAGCAG-1,myel. prog. #2
GGGTCACTCTTGGAAC-1,HSCs #2
GGGTCTGAGAGCATCG-1,myel. prog. #2
GGGTCTGGTGTTTACG-1,myel. prog. #1
GGGTCTGTCGAAGAAT-1,myel. prog. #1
GGGTGAAAGGTAGTCG-1,HSCs #2
GGGTGAACAGTTGCGC-1,MK prog.
GGGTGAAGTTGACTGT-1,myel. prog. #2
GGGTGTCAGCGATTCT-1,myel. prog. #2
GGGTGTCAGTCATTGC-1,LMPPs #1
GGGTGTCGTCCAGGTC-1,myel. prog. #1
GGGTGTCGTTAAGGAT-1,LMPPs #2
GGGTGTCTCCATTGCC-1,myel. prog. #1
GGGTTATCAGCACGAA-1,myel. prog. #1
GGGTTATCAGCGTTGC-1,myel. prog. #1
GGGTTATGTTTACGTG-1,myel. prog. #2
GGGTTTAGTCGCGTCA-1,LMPPs #2
GGTAACTGTCCTGTCT-1,myel. prog. #2
GGTAACTTCCAAGCCG-1,ery. prog. #1
GGTAACTTCCACTGGG-1,HSCs #2
GGTAATCAGTGTAGTA-1,LMPPs #2
GGTAATCGTGAGATAT-1,eosinophil prog.
GGTAATCTCTGCGGAC-1,myel. prog. #2
GGTAGAGGTTACGTAC-1,myel. prog. #2
GGTAGAGTCCACCCTA-1,HSCs #2
GGTAGAGTCCCATAGA-1,myel. prog. #2
GGTCACGCAGGGTTGA-1,myel. prog. #2
GGTCACGTCCTTATGT-1,myel. prog. #2
GGTCACGTCTGAGTCA-1,myel. prog. #2
GGTCTGGCAACGACTT-1,HSCs #2
GGTCTGGCAGTTTCGA-1,myel. prog. #2
GGTGAAGCACGATAGG-1,myel. prog. #1
GGTGATTTCGATACAC-1,myel. prog. #2
GGTGGCTCACCCTTGT-1,myel. prog. #2
GGTGTCGCACAAGCCC-1,ery. prog. #3
GGTGTCGCACGACTAT-1,ery. prog. #3
GGTGTCGTCACAAGAA-1,myel. prog. #3
GGTGTCGTCCGTATGA-1,LMPPs #2
GGTGTCGTCTCGTTTA-1,myel. prog. #1
GGTGTTAAGACGTCGA-1,MK prog.
GGTGTTACACAAATAG-1,MK prog.
GGTGTTAGTCGCTTGG-1,ery. prog. #2
GGTGTTAGTCTCACGG-1,MK prog.
GGTTAACAGCTAAGTA-1,MK prog.
GGTTAACAGGCTAAAT-1,myel. prog. #1
GGTTAACTCATTTCCA-1,HSCs #2
GGTTCTCGTCGGTGAA-1,ery. prog. #3
GGTTCTCTCACTACGA-1,MK prog.
GGTTGTAAGTACGAGC-1,myel. prog. #3
GGTTGTAGTCGCACAC-1,MK prog.
GGTTGTATCACCTCAC-1,HSCs #2
GGTTGTATCCCTAGGG-1,MK prog.
GTAACACGTAAGCGGT-1,LMPPs #1
GTAACACGTGAACTAA-1,MK prog.
GTAACCAAGAAGGCTC-1,ery. prog. #3
GTAACCAAGGTTAGTA-1,MK prog.
GTAACCACAATGCTCA-1,LMPPs #2
GTAACCACAGCTGAAG-1,LMPPs #2
GTAACCACAGCTGTCG-1,monocytes
GTAACCACAGGTGACA-1,HSCs #2
GTAACCACATCAGTGT-1,LMPPs #2
GTAACCACATGATAGA-1,myel. prog. #1
GTAACCACATGGACAG-1,MK prog.
GTAAGTCAGATGGGCT-1,ery. prog. #2
GTAATCGCAACTTGGT-1,ery. prog. #3
GTAATCGCATGGAATA-1,eosinophil prog.
GTAATCGTCGTGGACC-1,myel. prog. #3
GTACAACAGTAGAATC-1,myel. prog. #2
GTACAGTGTATGCAAA-1,ery. prog. #3
GTACAGTGTATTGCCA-1,myel. prog. #1
GTACAGTGTCATCAGT-1,myel. prog. #3
GTACAGTTCTCACGAA-1,MK prog.
GTAGAAACACTCTGCT-1,ery. prog. #2
GTAGAAAGTAAGCAAT-1,myel. prog. #1
GTAGAAAGTGTCACAT-1,LMPPs #2
GTAGAGGAGATCACCT-1,MK prog.
GTAGAGGAGCGATTCT-1,myel. prog. #3
GTAGAGGCATCTTCGC-1,myel. prog. #2
GTAGAGGTCTTCGTAT-1,monocytes
GTAGAGGTCTTTCCGG-1,HSCs #2
GTAGATCGTAGACGTG-1,myel. prog. #1
GTAGATCGTGCGCTCA-1,myel. prog. #3
GTAGATCGTTAAACCC-1,LMPPs #1
GTAGATCTCGACCTAA-1,HSCs #2
GTAGCTATCACACCGG-1,MK prog.
GTAGGAGCAGTATGAA-1,myel. prog. #2
GTAGGAGCATTGCCGG-1,myel. prog. #1
GTAGGAGGTAGTGCGA-1,LMPPs #2
GTAGGTTAGCGTCAAG-1,ery. prog. #2
GTAGGTTTCGTCCTTG-1,myel. prog. #1
GTAGTACAGCTGCGAA-1,HSCs #2
GTAGTACCAAGCGCAA-1,LMPPs #2
GTAGTACCAATTCGTG-1,MK prog.
GTAGTACTCATTGAGC-1,myel. prog. #3
GTAGTACTCCATTGGA-1,MK prog.
GTATTGGAGAGAGCCT-1,myel. prog. #3
GTATTGGAGTTACGGG-1,MK prog.
GTATTGGTCATGCAGT-1,myel. prog. #2
GTATTGGTCTCGCTCA-1,myel. prog. #1
GTATTTCAGAGAGGGC-1,myel. prog. #1
GTATTTCGTTGAGAGC-1,myel. prog. #2
GTCAAACGTGCTCGTG-1,myel. prog. #1
GTCAAACGTTCGTGCG-1,myel. prog. #3
GTCAAACTCCCATGGG-1,LMPPs #1
GTCAAACTCTAATTCC-1,myel. prog. #2
GTCAAGTCACCGTGCA-1,myel. prog. #1
GTCAAGTCAGAGGTAC-1,myel. prog. #2
GTCAAGTGTATCGAGG-1,eosinophil prog.
GTCAAGTGTATGAAAC-1,ery. prog. #3
GTCACGGAGACGACTG-1,MK prog.
GTCACGGGTCCACTTC-1,ery. prog. #3
GTCACGGGTTCTATCT-1,myel. prog. #2
GTCACTCCAAAGGTTA-1,LMPPs #1
GTCACTCCAATTTCGG-1,myel. prog. #3
GTCAGCGAGCTGACTT-1,MK prog.
GTCATCCAGCCTCAAT-1,ery. prog. #3
GTCATCCTCAATCTCT-1,HSCs #2
GTCATGAAGACGATAT-1,monocytes
GTCATGAAGCGTTGTT-1,myel. prog. #2
GTCATGAAGGAGGCAG-1,myel. prog. #2
GTCATGACACGGTGCT-1,ery. prog. #2
GTCATGAGTTAGCGGA-1,LMPPs #2
GTCATGATCTTACTGT-1,ery. prog. #2
GTCATTTCAATCGTCA-1,HSCs #2
GTCATTTTCCATCCGT-1,myel. prog. #3
GTCCACTAGGGTCAAC-1,myel. prog. #3
GTCCACTCAATCAAGA-1,myel. prog. #2
GTCCCATAGCCACTCG-1,myel. prog. #2
GTCCCATGTCGAATTC-1,myel. prog. #1
GTCCCATGTTGGGCCT-1,myel. prog. #3
GTCCTCAGTACTCGTA-1,ery. prog. #3
GTCCTCATCGCCGATG-1,HSCs #2
GTCGAATAGGGTTGCA-1,MK prog.
GTCGAATCATTGACCA-1,HSCs #2
GTCGAATGTGGCGTAA-1,myel. prog. #2
GTCGAATTCACTCCGT-1,HSCs #2
GTCGAATTCCCGTGTT-1,MK prog.
GTCGCGACAACAACAA-1,LMPPs #2
GTCGCGACAGCAATTC-1,MK prog.
GTCGTAACACATCATG-1,MK prog.
GTCGTAATCCGCTTAC-1,myel. prog. #3
GTCGTTCAGGAGGGTG-1,myel. prog. #1
GTCGTTCAGTATGCAA-1,myel. prog. #2
GTCGTTCCAACTGCTA-1,myel. prog. #2
GTCTACCCACTAGAGG-1,MK prog.
GTCTACCGTATGACAA-1,myel. prog. #3
GTCTACCGTGGAAATT-1,LMPPs #1
GTCTACCGTTACGCCG-1,myel. prog. #2
GTCTAGAAGTCCGCGT-1,ery. prog. #3
GTCTAGAAGTTTGCTG-1,HSCs #2
GTCTAGAGTGCCGAAA-1,LMPPs #1
GTCTAGAGTGCTTCAA-1,myel. prog. #1
GTCTCACGTCCACTCT-1,HSCs #2
GTCTCACTCATAAGGA-1,ery. prog. #3
GTCTGTCAGAGTGGCT-1,ery. prog. #2
GTCTGTCAGGCCTGCT-1,MK prog.
GTCTTTAGTAACTAAG-1,myel. prog. #1
GTGACGCCAGCTTCGG-1,ery. prog. #3
GTGAGCCAGGCGTCCT-1,myel. prog. #2
GTGAGCCCAATTGAGA-1,myel. prog. #2
GTGAGCCGTAAGTTAG-1,LMPPs #2
GTGAGCCGTGTATTCG-1,monocytes
GTGAGGAAGGATCACG-1,LMPPs #2
GTGAGGAGTTATTCTC-1,LMPPs #2
GTGAGGAGTTCGGTCG-1,MK prog.
GTGAGGAGTTGTGGAG-1,myel. prog. #1
GTGAGGATCGCTAAAC-1,myel. prog. #1
GTGAGTTCATCCGATA-1,myel. prog. #1
GTGAGTTTCTCCGATC-1,myel. prog. #3
GTGATGTGTACGTTCA-1,eosinophil prog.
GTGATGTGTTCGCGTG-1,myel. prog. #3
GTGCACGGTGTACATC-1,ery. prog. #2
GTGCGTGCAGTCTTCC-1,myel. prog. #1
GTGCGTGGTAGTTAGA-1,MK prog.
GTGCTGGAGCGAGTCA-1,myel. prog. #2
GTGCTGGGTCCAAAGG-1,HSCs #2
GTGCTGGTCCTAGCCT-1,HSCs #1
GTGCTTCAGTCACAGG-1,myel. prog. #1
GTGCTTCGTCTCCTGT-1,myel. prog. #3
GTGCTTCTCGTGTCAA-1,myel. prog. #2
GTGGAAGAGGGATCGT-1,LMPPs #2
GTGGAAGCACTTCATT-1,HSCs #2
GTGGAAGGTGGAGAAA-1,myel. prog. #1
GTGGAAGTCCTCACCA-1,myel. prog. #2
GTGGAGACATGGCCAC-1,MK prog.
GTGGAGAGTTAGAGTA-1,ery. prog. #3
GTGGAGATCGTGCTCT-1,myel. prog. #1
GTGGGAACAAGTGGTG-1,myel. prog. #3
GTGGGAAGTAAGCAAT-1,myel. prog. #1
GTGGGAATCGATTTCT-1,myel. prog. #1
GTGGTTACAGCTCTGG-1,LMPPs #1
GTGTAACGTCGTTATG-1,LMPPs #1
GTGTAACGTGGGACAT-1,ery. prog. #3
GTGTAACTCACTGGGC-1,MK prog.
GTGTCCTCAACAAGTA-1,MK prog.
GTGTCCTGTTCTCCAC-1,ery. prog. #3
GTGTGATAGCTCCACG-1,LMPPs #2
GTGTGATTCGGTTAGT-1,MK prog.
GTGTGGCCAAGCACAG-1,ery. prog. #3
GTGTGGCCAGGCATTT-1,MK prog.
GTGTTAGAGGGCAGGA-1,myel. prog. #3
GTGTTAGAGTGCAGCA-1,myel. prog. #1
GTGTTAGTCTGCATGA-1,LMPPs #1
GTGTTCCCACAATGCT-1,HSCs #2
GTTACAGCATCGAGCC-1,myel. prog. #1
GTTACAGGTTGCTCAA-1,myel. prog. #2
GTTACCCAGCCAAGGT-1,myel. prog. #1
GTTACCCCACATGGTT-1,MK prog.
GTTACGACAATATCCG-1,myel. prog. #1
GTTACGACATTGAGCT-1,eosinophils
GTTACGATCATGAGGG-1,ery. prog. #3
GTTACGATCCAGCAAT-1,ery. prog. #2
GTTACGATCTGAGCAT-1,myel. prog. #1
GTTAGACCACAGTACT-1,HSCs #2
GTTAGACCAGCACACC-1,myel. prog. #2
GTTAGACGTCTGATCA-1,ery. prog. #2
GTTAGACTCCTAAGTG-1,HSCs #2
GTTAGACTCGAGTACT-1,myel. prog. #3
GTTAGTGGTATCTTCT-1,LMPPs #1
GTTAGTGGTATGCAAA-1,ery. prog. #3
GTTAGTGGTCACCGAC-1,ery. prog. #2
GTTAGTGGTCGAGTGA-1,LMPPs #1
GTTATGGAGTCGGCCT-1,ery. prog. #2
GTTATGGTCCGTAGGC-1,myel. prog. #1
GTTATGGTCCGTATAG-1,myel. prog. #1
GTTCCGTCACTACAGT-1,HSCs #2
GTTCGCTAGAGCTGCA-1,LMPPs #2
GTTCGCTGTCCGGCAT-1,LMPPs #1
GTTCTATAGCCTATCA-1,ery. prog. #1
GTTCTATGTTATGTCG-1,HSCs #2
GTTCTATTCAACCTTT-1,HSCs #2
GTTCTATTCCCGTTCA-1,myel. prog. #1
GTTGAACCACCGCTAG-1,myel. prog. #2
GTTGAACTCACCATCC-1,ery. prog. #1
GTTGAACTCTAATTCC-1,ery. prog. #2
GTTGAACTCTGGGCCA-1,MK prog.
GTTGCGGAGCCAAGTG-1,MK prog.
GTTGCGGTCCGTAGTA-1,ery. prog. #1
GTTGCGGTCCTCTAGC-1,HSCs #2
GTTGCTCCATTGGATC-1,LMPPs #1
GTTGTAGTCGGTTCAA-1,HSCs #2
GTTGTAGTCTGTCCGT-1,myel. prog. #2
GTTGTGATCCTAAGTG-1,eosinophil prog.
GTTTACTAGTAATTGG-1,HSCs #2
GTTTACTAGTGGCCTC-1,LMPPs #1
GTTTACTTCACTTCTA-1,eosinophil prog.
GTTTGGAAGATTGGGC-1,myel. prog. #2
GTTTGGAAGGGTCACA-1,myel. prog. #1
GTTTGGAGTCCGGACT-1,ery. prog. #2
GTTTGGATCACGATAC-1,myel. prog. #3
GTTTGGATCCGAGTGC-1,myel. prog. #2
TAACACGCACTAAACC-1,eosinophil prog.
TAACACGGTCCACTCT-1,HSCs #1
TAACACGGTCGCATGC-1,ery. prog. #2
TAACACGGTGACGTCC-1,LMPPs #2
TAACCAGAGATTAGAC-1,monocytes
TAACCAGCAAAGCAAT-1,LMPPs #2
TAACCAGCAAGTCATC-1,myel. prog. #3
TAACCAGGTCATCACA-1,myel. prog. #1
TAACCAGGTGCCCAGT-1,myel. prog. #3
TAACGACGTGGCCTCA-1,HSCs #2
TAACTTCCACGGCCAT-1,ery. prog. #2
TAACTTCTCCTCTAAT-1,HSCs #1
TAACTTCTCGAGTGAG-1,ery. prog. #3
TAAGCACAGCAGCACA-1,HSCs #2
TAAGCACGTGTTCAGT-1,myel. prog. #3
TAAGCCAAGAAGCCAC-1,myel. prog. #2
TAAGCCAAGAGTTGCG-1,myel. prog. #2
TAAGCGTCACAAAGCG-1,LMPPs #2
TAAGCGTTCCATCCGT-1,ery. prog. #3
TAAGTCGAGGGACACT-1,ery. prog. #2
TAAGTCGAGTTAGAAC-1,eosinophil prog.
TAATCTCGTGACGTCC-1,myel. prog. #2
TAATCTCTCGCGCTGA-1,myel. prog. #2
TAATTCCAGTTGGACG-1,HSCs #2
TAATTCCTCATGGAGG-1,monocytes
TACAACGAGAGGGCGA-1,eosinophil prog.
TACAACGAGTTCCTGA-1,ery. prog. #3
TACAACGGTACATACC-1,LMPPs #2
TACAACGGTCGTCGGT-1,LMPPs #2
TACAACGTCATGTCAG-1,myel. prog. #2
TACATTCGTGCATCTA-1,HSCs #2
TACCCACCAACGTTAC-1,ery. prog. #1
TACCCACGTCTTGCTC-1,myel. prog. #2
TACCCACTCTCCTGTG-1,myel. prog. #3
TACCCGTGTCCCGCAA-1,HSCs #2
TACCCGTGTCTGTAAC-1,HSCs #2
TACCGAACACACCGAC-1,LMPPs #1
TACCGAACATGAAGGC-1,LMPPs #1
TACCGAATCGTAGGAG-1,myel. prog. #3
TACCGGGAGATACCAA-1,ery. prog. #3
TACCGGGAGCGAACTG-1,myel. prog. #3
TACCGGGCACCTGCGA-1,LMPPs #1
TACCGGGGTTCGGACC-1,LMPPs #1
TACCTCGGTAACCAGG-1,LMPPs #1
TACCTCGGTTTGATCG-1,eosinophil prog.
TACCTGCCAGGCCCTA-1,myel. prog. #2
TACCTGCGTACTCGAT-1,LMPPs #2
TACCTGCTCCCGTGAG-1,MK prog.
TACGCTCCAGGCGATA-1,myel. prog. #3
TACGCTCGTATCGCAT-1,monocytes
TACGGGCGTTTAAGGA-1,myel. prog. #1
TACGGTAGTGTCATCA-1,MK prog.
TACGGTATCAAGCCCG-1,LMPPs #1
TACGGTATCCATAGAC-1,myel. prog. #2
TACGGTATCGGAGCAA-1,MK prog.
TACGTCCAGGGTTTCT-1,ery. prog. #3
TACGTCCTCATTGCCC-1,myel. prog. #3
TACTGCCAGTCATGGG-1,myel. prog. #2
TACTGCCTCATTTGGG-1,ery. prog. #3
TACTTCAGTATTTCCT-1,HSCs #1
TACTTCAGTCCTCCAT-1,myel. prog. #1
TACTTCATCTTGGATG-1,HSCs #2
TACTTGTAGAAGCGAA-1,ery. prog. #2
TACTTGTAGGCATGCA-1,HSCs #2
TACTTGTAGGCCTAAG-1,LMPPs #1
TACTTGTTCTGAGATC-1,ery. prog. #3
TAGACCAAGAAATTCG-1,HSCs #2
TAGACCACACAACGCC-1,ery. prog. #2
TAGACCACATCGAAGG-1,myel. prog. #2
TAGACCATCCCAAGTA-1,myel. prog. #3
TAGACTGAGTATCCTG-1,MK prog.
TAGACTGGTTAACAGA-1,eosinophil prog.
TAGACTGTCTTCCCAG-1,myel. prog. #2
TAGAGTCCAAGTGACG-1,LMPPs #2
TAGAGTCCACCAGCGT-1,myel. prog. #3
TAGAGTCTCAAGCCAT-1,HSCs #2
TAGAGTCTCTCGGGAC-1,myel. prog. #2
TAGAGTCTCTGGACCG-1,HSCs #2
TAGCACAAGCATCCTA-1,myel. prog. #2
TAGCACAAGCTGAGTG-1,MK prog.
TAGGAGGCATACCAGT-1,eosinophil prog.
TAGGAGGTCCAACTGA-1,myel. prog. #2
TAGGGTTCATGCACTA-1,HSCs #2
TAGGGTTGTGAGTGAC-1,LMPPs #2
TAGGTACCAGACAAAT-1,myel. prog. #1
TAGGTACGTCTACGAT-1,myel. prog. #1
TAGGTACGTGTTCAGT-1,MK prog.
TAGGTACTCATTACGG-1,myel. prog. #1
TAGGTTGCAGAGGCAT-1,MK prog.
TAGTGCAAGGATGCGT-1,myel. prog. #3
TATACCTAGGATTCCT-1,MK prog.
TATACCTTCGGTCTGG-1,myel. prog. #2
TATATCCAGGGCAACT-1,HSCs #2
TATATCCAGGTTGAGC-1,LMPPs #1
TATATCCCACTGGCGT-1,monocytes
TATATCCTCAGTCAGT-1,ery. prog. #2
TATATCCTCCATCTAT-1,HSCs #2
TATATCCTCTCTCAAT-1,myel. prog. #1
TATCAGGCACTAACGT-1,myel. prog. #2
TATCCTAAGTAATCCC-1,HSCs #2
TATCCTAGTAAGGAGA-1,ery. prog. #1
TATCGCCGTCGAAGCA-1,eosinophil prog.
TATCTGTAGGTTTACC-1,HSCs #2
TATCTTGCAATCCTAG-1,HSCs #2
TATCTTGCACAAGTGG-1,MK prog.
TATGTTCGTCGTAATC-1,myel. prog. #1
TATGTTCTCCTTATCA-1,MK prog.
TATTCCACAAGCGATG-1,myel. prog. #1
TATTGCTGTAGTGTGG-1,LMPPs #2
TATTGCTGTGAGACCA-1,monocytes
TATTGGGAGAAGCGAA-1,myel. prog. #3
TATTGGGAGGCCTGAA-1,LMPPs #2
TATTGGGCAAGAGGCT-1,MK prog.
TATTTCGTCCAAGCAT-1,myel. prog. #1
TCAAGACAGTGTAGAT-1,myel. prog. #1
TCAAGACTCGTAGTCA-1,MK prog.
TCAAGCACAAGTGGTG-1,eosinophil prog.
TCAAGCATCAGCAGAG-1,myel. prog. #3
TCAAGTGGTAGGATAT-1,ery. prog. #2
TCAAGTGGTCCCTCAT-1,myel. prog. #2
TCAAGTGGTCCTGTTC-1,LMPPs #2
TCAATCTCAAGACGGT-1,MK prog.
TCAATCTGTTGCCATA-1,myel. prog. #3
TCAATTCGTCGACTGC-1,eosinophil prog.
TCACACCGTTCAGCTA-1,ery. prog. #2
TCACACCGTTTCACTT-1,LMPPs #1
TCACACCTCATATGGC-1,HSCs #1
TCACGCTCATCCTGTC-1,HSCs #2
TCACGCTTCCAAGCAT-1,HSCs #2
TCACGCTTCGTTCCCA-1,ery. prog. #3
TCACGGGGTAGAGCTG-1,LMPPs #2
TCACGGGGTGTCGCTG-1,LMPPs #2
TCACGGGTCAGGTGTT-1,MK prog.
TCACGGGTCCGTGACG-1,LMPPs #2
TCACTATAGCGTATAA-1,MK prog.
TCACTATAGGAACGTC-1,MK prog.
TCACTATCATGTAACC-1,ery. prog. #1
TCACTCGGTACCAGAG-1,MK prog.
TCACTCGTCGACCAAT-1,LMPPs #2
TCACTCGTCGACGACC-1,HSCs #2
TCACTCGTCTTTGCTA-1,LMPPs #1
TCAGCAATCCAAAGGG-1,myel. prog. #3
TCAGCCTGTCTCGCGA-1,MK prog.
TCAGGGCAGCATTTCG-1,HSCs #2
TCAGGGCCAATCCAGT-1,myel. prog. #1
TCAGTCCCAAGCTCTA-1,myel. prog. #1
TCAGTCCGTACGTTCA-1,LMPPs #1
TCAGTGACAAGTGGAC-1,myel. prog. #2
TCAGTTTCACATACGT-1,ery. prog. #2
TCAGTTTCAGAAGTTA-1,myel. prog. #2
TCAGTTTCATCCTAAG-1,ery. prog. #2
TCATACTAGAGGTTTA-1,MK prog.
TCATACTAGGCGACAT-1,LMPPs #2
TCATACTAGGTTCAGG-1,myel. prog. #2
TCATATCAGCCATCCG-1,myel. prog. #3
TCATATCCACAATCTG-1,myel. prog. #1
TCATATCGTGAATTGA-1,ery. prog. #3
TCATATCTCCAACTGA-1,HSCs #2
TCATCATAGAAGGGAT-1,MK prog.
TCATCATCAATCACGT-1,MK prog.
TCATCATCATCGGCCA-1,myel. prog. #2
TCATCCGCAAGAGGCT-1,LMPPs #2
TCATCCGCAGAATCGG-1,myel. prog. #2
TCATCCGGTAATCAGA-1,MK prog.
TCATCCGGTATCGATC-1,ery. prog. #2
TCATCCGTCCTACGGG-1,HSCs #2
TCATGAGGTTAATCGC-1,HSCs #2
TCATGAGTCCGATCTC-1,myel. prog. #2
TCATGAGTCGACCATA-1,ery. prog. #3
TCATGCCCACCCTATC-1,LMPPs #1
TCATGGAAGCTCGACC-1,ery. prog. #3
TCATGGAAGTTCATGC-1,ery. prog. #3
TCATGGAGTTTACTTC-1,LMPPs #1
TCATGGATCTTGGAAC-1,ery. prog. #3
TCATGTTAGAGGTCGT-1,MK prog.
TCATGTTCAACGCATT-1,LMPPs #2
TCATGTTGTGAATTAG-1,ery. prog. #1
TCATTACAGCTAAACA-1,LMPPs #2
TCATTCAGTACGAGTG-1,MK prog.
TCATTCAGTCACTCGG-1,ery. prog. #2
TCATTCAGTCGTTGCG-1,LMPPs #1
TCATTCATCCGGCAAC-1,myel. prog. #3
TCATTGTCATCTTTCA-1,myel. prog. #3
TCATTGTGTTGCGTAT-1,HSCs #2
TCATTTGAGGGCCCTT-1,MK prog.
TCATTTGAGTCACGAG-1,MK prog.
TCATTTGCACTACCGG-1,HSCs #1
TCATTTGGTGAATTGA-1,myel. prog. #2
TCATTTGTCTACCAGA-1,myel. prog. #1
TCCACCAAGCGTGCCT-1,HSCs #2
TCCACCACACGTTCGG-1,MK prog.
TCCACCAGTCTTACTT-1,HSCs #1
TCCACCATCGAGAACG-1,MK prog.
TCCACGTGTCCCGTGA-1,MK prog.
TCCAGAAAGCACTTTG-1,ery. prog. #3
TCCAGAACACGCTGCA-1,myel. prog. #3
TCCAGAATCTATGCCC-1,myel. prog. #2
TCCAGAATCTGTTGGA-1,myel. prog. #1
TCCATCGCATAATGAG-1,LMPPs #1
TCCATCGTCCGACATA-1,ery. prog. #1
TCCATGCAGCCTTCTC-1,MK prog.
TCCATGCAGGCATCAG-1,ery. prog. #3
TCCATGCGTTGGACCC-1,LMPPs #2
TCCCACAAGCCTCTGG-1,MK prog.
TCCCACACAGTCAGAG-1,myel. prog. #1
TCCCACAGTACCGGAA-1,HSCs #2
TCCCAGTAGACGATAT-1,LMPPs #1
TCCCAGTCAGGACAGT-1,myel. prog. #3
TCCCAGTTCCATTTAC-1,myel. prog. #1
TCCCAGTTCGAACCAT-1,myel. prog. #2
TCCCAGTTCGCCGAGT-1,myel. prog. #3
TCCCATGAGTAACGAT-1,MK prog.
TCCCATGGTCGATTAC-1,MK prog.
TCCCATGTCAGGCGAA-1,myel. prog. #3
TCCGAAAAGCATGCAG-1,ery. prog. #3
TCCGAAAGTGGTCCCA-1,HSCs #2
TCCGAAATCACGGGAA-1,MK prog.
TCCGAAATCCGTCCTA-1,MK prog.
TCCGATCGTAACTGCT-1,ery. prog. #3
TCCGGGAGTTGAAGTA-1,MK prog.
TCCGTGTCAGCACACC-1,ery. prog. #1
TCCGTGTGTACTCGAT-1,myel. prog. #2
TCCGTGTGTTTGTTCT-1,HSCs #2
TCCGTGTTCTCTTAAC-1,myel. prog. #1
TCCTAATAGCTAAACA-1,myel. prog. #2
TCCTAATAGGCCATAG-1,myel. prog. #1
TCCTAATGTCCAAATC-1,HSCs #2
TCCTAATGTGGTCTCG-1,MK prog.
TCCTCCCGTATGTCCA-1,HSCs #2
TCCTCCCGTGTGCTTA-1,ery. prog. #3
TCCTCGAAGTTACGGG-1,myel. prog. #2
TCCTCGAGTTCTCGCT-1,ery. prog. #1
TCCTCTTAGAGTCAAT-1,myel. prog. #3
TCCTCTTGTAACCCGC-1,LMPPs #1
TCCTCTTTCACTTTGT-1,LMPPs #2
TCCTCTTTCCTGTAAG-1,LMPPs #2
TCCTCTTTCTCATGGA-1,HSCs #1
TCCTGCAAGGATTCCT-1,LMPPs #1
TCCTGCACAGCGAACA-1,HSCs #2
TCCTTCTAGAAGTCTA-1,myel. prog. #2
TCCTTCTAGAGCAGCT-1,myel. prog. #1
TCCTTCTGTACTCCCT-1,LMPPs #1
TCCTTTCAGATGTTAG-1,monocytes
TCGAACAAGGCAGCTA-1,ery. prog. #3
TCGAACATCCGATCGG-1,myel. prog. #3
TCGAAGTCACTCCTGT-1,eosinophil prog.
TCGAAGTCAGGAGGAG-1,LMPPs #2
TCGACCTAGTATTAGG-1,myel. prog. #2
TCGACCTCAATTCGTG-1,monocytes
TCGACCTGTAGGTCAG-1,myel. prog. #2
TCGACCTTCTGGCCAG-1,myel. prog. #3
TCGACGGCATGAAGGC-1,MK prog.
TCGATTTCAAACTAAG-1,myel. prog. #1
TCGATTTGTAATACCC-1,ery. prog. #3
TCGATTTGTTCGGTTA-1,LMPPs #1
TCGATTTTCAACGTGT-1,myel. prog. #3
TCGCACTGTTCGGACC-1,LMPPs #2
TCGCAGGAGTAAAGCT-1,myel. prog. #2
TCGCAGGCACTAACCA-1,LMPPs #2
TCGCAGGTCCACAGCG-1,HSCs #2
TCGCAGGTCCAGCTCT-1,myel. prog. #3
TCGCAGGTCGCCGATG-1,LMPPs #1
TCGCTCATCAACACCA-1,myel. prog. #3
TCGCTCATCCTGGGAC-1,LMPPs #1
TCGCTTGAGTTGTAGA-1,ery. prog. #1
TCGCTTGGTTGCCAAT-1,myel. prog. #2
TCGGATATCTCTAGGA-1,ery. prog. #2
TCGGGACAGTAGACCG-1,myel. prog. #3
TCGGGACAGTGCGACA-1,ery. prog. #3
TCGGGACCAGAAGTTA-1,LMPPs #1
TCGGGACCATCGGATT-1,myel. prog. #2
TCGGGCACAATTCACG-1,MK prog.
TCGGGCATCGCCAGTG-1,MK prog.
TCGGGTGGTCTCACGG-1,HSCs #2
TCGTAGAAGGGACACT-1,myel. prog. #1
TCGTAGACAGCGTTTA-1,MK prog.
TCGTCCAAGATCGCCC-1,LMPPs #2
TCGTCCAGTTTCCAAG-1,HSCs #2
TCGTGCTAGAAACTGT-1,ery. prog. #2
TCGTGCTAGGACACTG-1,ery. prog. #2
TCGTGCTAGGCTTCCG-1,ery. prog. #1
TCGTGCTAGGGCATGT-1,MK prog.
TCTACATAGGGAGGGT-1,MK prog.
TCTACATAGGTACAAT-1,myel. prog. #1
TCTACATAGTTCTACG-1,ery. prog. #2
TCTACATCAAGAGAGA-1,HSCs #2
TCTACATCACCCTTAC-1,myel. prog. #2
TCTACATGTCTACATG-1,myel. prog. #2
TCTACATTCGCTCATC-1,MK prog.
TCTACCGAGCACTAAA-1,LMPPs #1
TCTATACAGGAAAGAC-1,ery. prog. #2
TCTATACGTGGGTATG-1,myel. prog. #2
TCTATCACAGTCTCTC-1,MK prog.
TCTATCATCCTTATAC-1,HSCs #2
TCTCACGCATTGCCTC-1,ery. prog. #1
TCTCACGGTAGAGCTG-1,MK prog.
TCTCACGGTATTTCTC-1,ery. prog. #3
TCTCACGGTCTCAGAT-1,MK prog.
TCTCACGTCCTCAGGG-1,myel. prog. #1
TCTCACGTCTCGACGG-1,MK prog.
TCTCAGCAGCATGGGT-1,myel. prog. #2
TCTCAGCGTGTAACGG-1,MK prog.
TCTCAGCTCTCATTGT-1,myel. prog. #2
TCTCCGACAACAGTGG-1,HSCs #2
TCTCTGGAGCGGTATG-1,ery. prog. #2
TCTCTGGAGTTCACTG-1,ery. prog. #1
TCTCTGGCATACCAGT-1,myel. prog. #3
TCTCTGGGTACGACAG-1,ery. prog. #3
TCTGCCAAGGTGATCG-1,LMPPs #2
TCTGCCAGTAGGCTCC-1,myel. prog. #3
TCTGCCATCGTTCAGA-1,LMPPs #2
TCTTAGTAGTCTGGTT-1,myel. prog. #1
TCTTAGTCAATGGGTG-1,MK prog.
TCTTAGTGTCCAGGTC-1,MK prog.
TCTTAGTTCGAAGCCC-1,ery. prog. #1
TCTTCCTAGTCCGCCA-1,myel. prog. #3
TCTTCCTCATTCACCC-1,MK prog.
TCTTCCTGTACCTAGT-1,myel. prog. #1
TCTTGCGAGCGTATAA-1,myel. prog. #3
TCTTGCGAGTCTCCTC-1,LMPPs #1
TCTTGCGCATCACAGT-1,HSCs #2
TCTTGCGGTCGTGGTC-1,LMPPs #1
TCTTGCGTCACTTGGA-1,myel. prog. #2
TCTTTGAAGACGTCGA-1,eosinophil prog.
TCTTTGAAGGCTGAAC-1,myel. prog. #3
TCTTTGAGTTGGTACT-1,ery. prog. #3
TCTTTGATCACTACTT-1,myel. prog. #3
TGAACGTCACTACGGC-1,HSCs #2
TGAACGTCACTGAGTT-1,ery. prog. #3
TGAACGTCAGTCGCTG-1,myel. prog. #3
TGAATCGAGCGTTAGG-1,MK prog.
TGAATCGAGGTGGCTA-1,LMPPs #1
TGAATCGCAGGACAGT-1,MK prog.
TGAATCGGTAGTGTGG-1,LMPPs #2
TGAATCGGTCGAGCAA-1,myel. prog. #2
TGAATCGTCTCGTGGG-1,myel. prog. #1
TGAATGCAGAAGCCTG-1,monocytes
TGAATGCTCAATGTCG-1,ery. prog. #3
TGACAGTAGCATACTC-1,LMPPs #1
TGACAGTTCCTTATAC-1,HSCs #1
TGACAGTTCTAGAACC-1,LMPPs #1
TGACAGTTCTGACAGT-1,myel. prog. #3
TGACCCTAGAATCGAT-1,LMPPs #2
TGACCCTTCGGAATGG-1,LMPPs #2
TGACGCGAGCATCCCG-1,myel. prog. #3
TGACGCGGTACTAAGA-1,myel. prog. #3
TGACGCGGTGGTCAAG-1,LMPPs #2
TGACTCCAGAGCAAGA-1,myel. prog. #3
TGACTCCTCCAAGCAT-1,ery. prog. #2
TGAGACTCAACCCTAA-1,HSCs #2
TGAGACTGTGACATCT-1,LMPPs #1
TGAGCATCAGCACAAG-1,monocytes
TGAGCATGTGGCCTCA-1,myel. prog. #2
TGAGCGCAGCTGACAG-1,myel. prog. #3
TGAGGAGAGAAATCCA-1,myel. prog. #1
TGAGGAGCAAAGAGTT-1,MK prog.
TGAGGAGTCGCATAGT-1,myel. prog. #3
TGAGGTTAGCACACCC-1,MK prog.
TGAGGTTCAACGGCTC-1,ery. prog. #3
TGAGGTTCAGGTTTAC-1,MK prog.
TGAGGTTGTCTGTAGT-1,myel. prog. #1
TGAGGTTTCAGGACAG-1,myel. prog. #2
TGAGTCACACTTCATT-1,myel. prog. #1
TGAGTCAGTACTGGGA-1,ery. prog. #3
TGATCAGAGAAAGTCT-1,myel. prog. #1
TGATCAGAGATTAGCA-1,ery. prog. #3
TGATCAGAGCTTTGTG-1,LMPPs #2
TGATCAGGTTCTGACA-1,myel. prog. #2
TGATCAGTCAGGGTAG-1,myel. prog. #2
TGATGCAAGGATTTAG-1,myel. prog. #2
TGATGCAGTCTGCAAT-1,myel. prog. #2
TGATGGTAGATGTAGT-1,LMPPs #1
TGATGGTGTGCGTGCT-1,HSCs #2
TGATGGTTCCTGGGTG-1,HSCs #2
TGATTCTCAATGGGTG-1,myel. prog. #2
TGATTCTCACTCTGCT-1,MK prog.
TGATTCTTCATACGGT-1,monocytes
TGATTTCCAGCTCTGG-1,HSCs #2
TGATTTCTCCTTATGT-1,HSCs #2
TGCACGGAGGAATCGC-1,LMPPs #2
TGCACGGGTTGGACTT-1,ery. prog. #2
TGCAGGCCACTTTATC-1,MK prog.
TGCAGGCCATGTTCAG-1,HSCs #2
TGCAGGCGTAAGGTCG-1,LMPPs #2
TGCAGGCGTACAGCGA-1,myel. prog. #3
TGCAGTATCCTATGGA-1,MK prog.
TGCAGTATCGTAGCCG-1,HSCs #2
TGCAGTATCTGAATCG-1,myel. prog. #1
TGCATCCAGGATATGT-1,myel. prog. #2
TGCATCCCAAATGGTA-1,monocytes
TGCATCCGTACAAACA-1,myel. prog. #1
TGCATCCTCTATCGCC-1,LMPPs #1
TGCATGACATTCCTCG-1,HSCs #1
TGCATGAGTCGTGGAA-1,ery. prog. #2
TGCATGATCATCCTGC-1,myel. prog. #1
TGCCGAGAGGGTTAAT-1,LMPPs #2
TGCCGAGGTGGCTGAA-1,LMPPs #1
TGCGACGCAATGAACA-1,HSCs #1
TGCGACGCAATTGGTC-1,MK prog.
TGCGACGCAGTCCCGA-1,myel. prog. #2
TGCGACGGTTATGTCG-1,myel. prog. #3
TGCGATACATCCGTGG-1,LMPPs #1
TGCGATAGTGCAGTGA-1,HSCs #2
TGCGGCAGTTGCTCGG-1,MK prog.
TGCGGCATCACCGGTG-1,HSCs #1
TGCGGCATCCTACACC-1,HSCs #1
TGCGGGTTCACACGAT-1,myel. prog. #1
TGCGGGTTCCATGAGT-1,ery. prog. #2
TGCTCCACACGGGTAA-1,MK prog.
TGCTCCAGTGCATACT-1,myel. prog. #1
TGCTCGTTCAGGACGA-1,ery. prog. #3
TGCTCGTTCTGACAGT-1,myel. prog. #2
TGCTGAAAGACATAAC-1,HSCs #2
TGCTGAAAGTGTGTTC-1,MK prog.
TGCTGAAGTTTACGTG-1,HSCs #2
TGCTTCGCAATGTCAC-1,HSCs #2
TGCTTCGGTGAGACGT-1,myel. prog. #3
TGCTTGCAGCCTTTGA-1,LMPPs #2
TGCTTGCAGCTCCCTT-1,HSCs #2
TGCTTGCCAACCACGC-1,myel. prog. #1
TGCTTGCCACGACGTC-1,HSCs #2
TGCTTGCTCTTAGTTC-1,LMPPs #2
TGGAGAGAGCACCCAC-1,eosinophils
TGGAGGAAGAAGGATG-1,myel. prog. #3
TGGAGGAAGCAGCACA-1,monocytes
TGGAGGACACTACACA-1,myel. prog. #2
TGGAGGATCAGGTAAA-1,myel. prog. #1
TGGAGGATCGAGAAAT-1,MK prog.
TGGATCAAGACGCATG-1,MK prog.
TGGATCAAGCAATAGT-1,LMPPs #1
TGGATCACAGCTGTCG-1,myel. prog. #3
TGGATCAGTCGCAACC-1,myel. prog. #1
TGGATGTCAGAATCGG-1,MK prog.
TGGATGTCATTGTCGA-1,ery. prog. #2
TGGATGTGTTGGCCGT-1,myel. prog. #2
TGGATGTTCGTAGAGG-1,MK prog.
TGGCGTGTCGAAATCC-1,myel. prog. #1
TGGGAAGAGAATTTGG-1,ery. prog. #2
TGGGAAGCAGGCGATA-1,ery. prog. #3
TGGGAAGGTGGCCACT-1,myel. prog. #1
TGGGAAGGTTTAGACC-1,ery. prog. #3
TGGGAAGTCTCTATGT-1,LMPPs #2
TGGGAGACACTTCAGA-1,myel. prog. #2
TGGGAGAGTCGAACGA-1,monocytes
TGGGAGAGTTCCGCGA-1,myel. prog. #3
TGGGATTGTCGAGTGA-1,myel. prog. #1
TGGGATTTCAAGGCTT-1,LMPPs #2
TGGGCGTAGCTGTTCA-1,ery. prog. #2
TGGGCGTCATGGAAGC-1,LMPPs #2
TGGGCGTTCGCGTGAC-1,myel. prog. #2
TGGGCTGTCATCGACA-1,myel. prog. #3
TGGGCTGTCTAGTCAG-1,MK prog.
TGGGTTATCAGGGATG-1,myel. prog. #1
TGGGTTATCCGATTAG-1,ery. prog. #3
TGGGTTATCTACTGCC-1,ery. prog. #3
TGGTACAAGCACTAGG-1,LMPPs #1
TGGTACAGTTGTCTAG-1,myel. prog. #1
TGGTACATCTAGCAAC-1,myel. prog. #2
TGGTAGTAGCTGTTCA-1,myel. prog. #1
TGGTAGTTCCGCTAGG-1,myel. prog. #3
TGGTAGTTCCTATGGA-1,myel. prog. #2
TGGTGATAGTGGAATT-1,myel. prog. #3
TGGTTAGAGTTACGGG-1,MK prog.
TGTAACGCAAGATGTA-1,HSCs #2
TGTAACGGTATCACCA-1,LMPPs #1
TGTAACGTCAGGGATG-1,myel. prog. #2
TGTAACGTCGGCACTG-1,HSCs #2
TGTAAGCAGGTCCGAA-1,myel. prog. #3
TGTACAGAGCTGTGCC-1,ery. prog. #3
TGTACAGGTTCGTTCC-1,ery. prog. #2
TGTAGACCAACATCGT-1,myel. prog. #1
TGTAGACTCCGATCTC-1,ery. prog. #1
TGTCCACGTAGCGCCT-1,ery. prog. #2
TGTCCCATCAATCGGT-1,ery. prog. #3
TGTCCCATCTCAGTCC-1,LMPPs #1
TGTCCTGAGTGCTACT-1,LMPPs #1
TGTGAGTAGCATTGTC-1,ery. prog. #3
TGTGAGTAGGTTGGTG-1,LMPPs #1
TGTGAGTAGTTGGCTT-1,myel. prog. #2
TGTGAGTGTCGCTTGG-1,eosinophil prog.
TGTGATGTCTAAGAAG-1,MK prog.
TGTGCGGGTACTAGCT-1,LMPPs #2
TGTGCGGGTGCATTAC-1,myel. prog. #2
TGTGGCGAGCTAAGTA-1,myel. prog. #2
TGTGGCGCAACCACGC-1,monocytes
TGTGTGAAGACTCCGC-1,LMPPs #2
TGTGTGAAGAGAACCC-1,myel. prog. #1
TGTGTGAAGCATAGGC-1,MK prog.
TGTGTGATCAACCTCC-1,LMPPs #2
TGTGTGATCCTCTCTT-1,ery. prog. #1
TGTGTGATCGCAGAGA-1,myel. prog. #2
TGTTACTAGGTTGGTG-1,myel. prog. #1
TGTTACTAGTCGAATA-1,MK prog.
TGTTACTCAGCGGTTC-1,myel. prog. #3
TGTTACTCATCCGCGA-1,HSCs #2
TGTTACTGTAACATCC-1,MK prog.
TGTTACTGTACACGTT-1,myel. prog. #1
TGTTACTTCAGACATC-1,myel. prog. #1
TGTTCATGTCAGACGA-1,LMPPs #2
TGTTCCGGTCCCTAAA-1,myel. prog. #2
TGTTCCGGTGCACGCT-1,myel. prog. #3
TGTTCCGGTGTGACCC-1,LMPPs #1
TGTTCTATCCCGAGGT-1,MK prog.
TGTTGAGGTCCATCTC-1,ery. prog. #3
TGTTGAGTCCGAGCTG-1,ery. prog. #2
TGTTGGAAGAGAGGTA-1,LMPPs #2
TGTTGGAAGCCTCCAG-1,ery. prog. #2
TGTTGGAAGGACTATA-1,myel. prog. #1
TGTTGGAGTAAGGTCG-1,MK prog.
TGTTGGAGTCGCCTAG-1,ery. prog. #3
TGTTGGATCTGTCGCT-1,HSCs #2
TGTTTGTCAATCGCAT-1,MK prog.
TGTTTGTTCTGGACTA-1,MK prog.
TTAATCCCAGAGTGAC-1,LMPPs #2
TTAATCCGTGAGATTA-1,HSCs #2
TTACAGGAGTTGCCTA-1,HSCs #2
TTACAGGTCTAATTCC-1,MK prog.
TTACCATAGCACCCAC-1,LMPPs #2
TTACCGCAGATGCTTC-1,LMPPs #1
TTACCGCCAGAGTCTT-1,ery. prog. #3
TTACGCCGTCATCGGC-1,HSCs #1
TTACGTTGTTTACGAC-1,myel. prog. #3
TTACGTTTCCTTCTAA-1,HSCs #1
TTACTGTCAACAAAGT-1,LMPPs #2
TTACTGTCACTATCGA-1,myel. prog. #1
TTAGGCAAGGACAGTC-1,LMPPs #2
TTAGGGTAGGTACATA-1,HSCs #2
TTAGGGTAGTCATTGC-1,LMPPs #2
TTAGGGTAGTTAGAAC-1,LMPPs #1
TTAGGGTCAAGGTACG-1,LMPPs #2
TTAGGGTGTTAATCGC-1,LMPPs #1
TTAGGGTTCAGTGGGA-1,myel. prog. #2
TTAGGGTTCTTCGGTC-1,LMPPs #1
TTAGTCTAGCCTCAAT-1,LMPPs #2
TTAGTCTAGCTACTAC-1,myel. prog. #1
TTAGTCTCAGCGTTTA-1,ery. prog. #2
TTAGTCTGTATAGGAT-1,ery. prog. #3
TTAGTCTTCCAAGCAT-1,LMPPs #1
TTAGTCTTCTTGTTAC-1,ery. prog. #3
TTATTGCAGAGCAAGA-1,myel. prog. #1
TTATTGCAGCATGTTC-1,HSCs #2
TTATTGCCAAACTCTG-1,LMPPs #1
TTATTGCGTTCGAACT-1,MK prog.
TTATTGCTCCTCTGCA-1,eosinophil prog.
TTCAATCGTGCATGTT-1,myel. prog. #2
TTCACCGGTAGTCTGT-1,ery. prog. #2
TTCACCGGTTGGATCT-1,myel. prog. #2
TTCACCGTCGTGCACG-1,myel. prog. #1
TTCACGCGTTCATCTT-1,myel. prog. #2
TTCAGGAAGGTGCCTC-1,MK prog.
TTCAGGAGTCTCGCGA-1,myel. prog. #3
TTCATGTTCATGGAGG-1,ery. prog. #3
TTCATGTTCGCACGAC-1,LMPPs #2
TTCATTGCAATTGCTG-1,ery. prog. #3
TTCATTGCAGCTGTAT-1,eosinophils
TTCATTGGTACTGCCG-1,ery. prog. #1
TTCATTGGTCCAACGC-1,MK prog.
TTCCAATGTATCATGC-1,myel. prog. #2
TTCCACGAGGGCAATC-1,myel. prog. #2
TTCCACGCAGGACAGT-1,monocytes
TTCCGGTAGGTTGTTC-1,eosinophil prog.
TTCCGGTAGTGCCTCG-1,ery. prog. #2
TTCCGTGAGACGCCAA-1,LMPPs #1
TTCCGTGGTCCGGTCA-1,MK prog.
TTCCGTGGTTTGTTGG-1,ery. prog. #3
TTCCGTGTCATAGAGA-1,myel. prog. #3
TTCCTAACAAGGGTCA-1,ery. prog. #1
TTCCTCTGTGGTCAAG-1,LMPPs #1
TTCGATTCAGAAGTGC-1,MK prog.
TTCGCTGCACCGTCGA-1,myel. prog. #2
TTCGCTGGTCGCAGTC-1,HSCs #2
TTCTAACGTAGACAGC-1,myel. prog. #3
TTCTAACGTATCGGTT-1,myel. prog. #2
TTCTAGTAGGATACCG-1,MK prog.
TTCTAGTCAAGTGGCA-1,myel. prog. #1
TTCTAGTCAGTCTACA-1,HSCs #2
TTCTAGTGTCATGCAT-1,ery. prog. #3
TTCTAGTTCCGGCAAC-1,myel. prog. #2
TTCTAGTTCTCGCAGG-1,LMPPs #1
TTCTCTCAGGTAAGTT-1,myel. prog. #2
TTCTCTCTCCTGTTAT-1,MK prog.
TTCTGTAAGGATATGT-1,myel. prog. #2
TTCTGTATCCGTAGGC-1,HSCs #2
TTCTGTATCTATTTCG-1,HSCs #1
TTCTTCCCATCATGAC-1,LMPPs #2
TTCTTCCGTAGGCTCC-1,myel. prog. #3
TTCTTCCGTTTGATCG-1,myel. prog. #3
TTGAACGAGACATATG-1,HSCs #1
TTGAACGAGCATCTTG-1,myel. prog. #3
TTGAACGGTCGTCGGT-1,eosinophil prog.
TTGAGTGAGATTAGTG-1,myel. prog. #1
TTGAGTGCACATTCGA-1,myel. prog. #2
TTGAGTGGTGCACAAG-1,myel. prog. #2
TTGAGTGTCTCCCATG-1,MK prog.
TTGATGGAGAGCATCG-1,MK prog.
TTGATGGTCTTTGCTA-1,LMPPs #1
TTGCATTAGCACGTCC-1,HSCs #2
TTGCATTCAACTTCTT-1,myel. prog. #3
TTGCATTCACTCACTC-1,myel. prog. #1
TTGCATTCAGTGCGCT-1,myel. prog. #2
TTGCATTGTATACAGA-1,myel. prog. #3
TTGCCTGAGAGTCAGC-1,monocytes
TTGCCTGAGATGAAGG-1,MK prog.
TTGCCTGGTTCTCGTC-1,HSCs #2
TTGCGTCCAGCTGTTA-1,HSCs #2
TTGCGTCTCAGTCATG-1,MK prog.
TTGCGTCTCGTTCGCT-1,ery. prog. #1
TTGCTGCAGTAAGAGG-1,myel. prog. #3
TTGCTGCTCAAGTCGT-1,LMPPs #2
TTGGATGCACCAGACC-1,myel. prog. #1
TTGGATGTCAGTGCGC-1,HSCs #2
TTGGGATAGACTGAGC-1,monocytes
TTGGGATCATTCACAG-1,myel. prog. #2
TTGGGATGTGAACCGA-1,myel. prog. #2
TTGGGCGAGTTGTAGA-1,ery. prog. #3
TTGGGCGCATGACTTG-1,HSCs #2
TTGGGCGTCATCGGGC-1,monocytes
TTGGGCGTCTGCGGAC-1,MK prog.
TTGGGTAAGTCTGCGC-1,MK prog.
TTGGGTACATTCTCTA-1,MK prog.
TTGGGTAGTTAGGCCC-1,myel. prog. #3
TTGGTTTAGGCCTGCT-1,HSCs #2
TTGGTTTCACCCTAAA-1,HSCs #2
TTGGTTTCACGTGTGC-1,ery. prog. #3
TTGGTTTTCCACATAG-1,ery. prog. #3
TTGGTTTTCCCAAGTA-1,myel. prog. #3
TTGTGGAAGAATCGAT-1,myel. prog. #2
TTGTGGACAGGGATAC-1,MK prog.
TTGTGGATCACCATGA-1,LMPPs #1
TTGTGGATCTTCTCAA-1,myel. prog. #3
TTGTGTTCATTGTACG-1,MK prog.
TTGTGTTTCTTACACT-1,ery. prog. #1
TTGTTGTAGAGTGTGC-1,LMPPs #1
TTGTTGTCACATGTTG-1,LMPPs #2
TTGTTTGTCCATCAGA-1,ery. prog. #3
TTTACCATCACGGTCG-1,myel. prog. #1
TTTACGTCAGTGCCTG-1,HSCs #2
TTTACGTGTATCAGGG-1,myel. prog. #1
TTTACGTTCTCGCCTA-1,ery. prog. #2
TTTACGTTCTGTCGTC-1,myel. prog. #1
TTTACTGCACGTTGGC-1,myel. prog. #3
TTTACTGTCCGAGAAG-1,ery. prog. #3
TTTAGTCAGCCTTTCC-1,HSCs #2
TTTAGTCTCGGTCATA-1,ery. prog. #3
TTTATGCAGCGTCTCG-1,myel. prog. #2
TTTATGCGTGCCTTTC-1,ery. prog. #3
TTTATGCGTTTCACTT-1,ery. prog. #1
TTTCACAGTTCGGACC-1,LMPPs #1
TTTCACATCATCCTAT-1,ery. prog. #3
TTTCAGTCACGGGTAA-1,LMPPs #2
TTTCAGTCAGCGACCT-1,ery. prog. #3
TTTCAGTGTTCCACAA-1,HSCs #1
TTTCATGGTGGGCTTC-1,myel. prog. #1
TTTCATGGTGGTAATA-1,myel. prog. #1
TTTCATGGTTCGGTCG-1,myel. prog. #1
TTTCCTCAGACCAGCA-1,HSCs #2
TTTCCTCAGCCACTCG-1,eosinophil prog.
TTTCCTCAGCGACAGT-1,LMPPs #1
TTTCCTCGTTGAATCC-1,ery. prog. #2
TTTCGATAGCTGGTGA-1,ery. prog. #3
TTTCGATCACTACGGC-1,HSCs #2
TTTCGATCAGAACTTC-1,HSCs #2
TTTGACTAGAGTTGAT-1,ery. prog. #2
TTTGACTGTTCTTCAT-1,LMPPs #2
TTTGATCAGCGACATG-1,LMPPs #2
TTTGATCAGCGCCTTG-1,myel. prog. #1
TTTGATCGTCCAGGTC-1,LMPPs #1
TTTGATCTCAGTCTTT-1,HSCs #1
TTTGGTTCATGACAGG-1,HSCs #2
TTTGTTGAGCTAGATA-1,MK prog.
TTTGTTGCACTTGAAC-1,MK prog.
TTTGTTGCAGTTCACA-1,ery. prog. #2
